SeqName,Pident,Accession,rRNA,Organellum,specimen,Domain,Supergroup,Division,Subdivision,Class,Order,Family,Genus,Species,sequence,tax.Domain,tax.Supergroup,tax.Division,tax.Subdivision,tax.Class,tax.Order,tax.Family,tax.Genus,tax.Species,boot.Domain,boot.Supergroup,boot.Division,boot.Subdivision,boot.Class,boot.Order,boot.Family,boot.Genus,boot.Species,JIN-Nu-mul,JIN-Nu-mul2
seq2,99.2,AY321149.1.1455_U,18S_rRNA,nucleus,strain_T,Eukaryota,Metamonada,Metamonada,Parabasalia,Trichomonadea,Honigbergiellida,Hexamastigidae,Hexamastix,Hexamastix_kirbyi,AGCTCTGCGAGTTTGCTCCCATATTGTTGCAGTTAAAACGCCCGTAGTCAGAATACTGCAAACTGCGAATAAATCAGGACGCTCAGGGTACATTTTATGGAATGACCATGCGCAGGATTTGAAATTTTCTACGGAAAGCTCAATGAGAGCCATCGGGGTCAGTGCTATTCAGTGGCGAACGGTGGAATGCAGTGACCCACTGGAGAGGAGCGGAAGCGAAGGCTACTGACAAGAGGGTTTCTG,Eukaryota,Excavata,Metamonada,Parabasalia,Trichomonadea,Honigbergiellida,Hexamastigidae,Hexamastix,Hexamastix_kirbyi,100,100,100,100,100,100,100,100,76,11240,11240
seq10,99.5,MT991542.1.2393_U,18S_rRNA,nucleus,clone_,Eukaryota,Archaeplastida,Chlorophyta,Chlorophyta_X,Trebouxiophyceae,Watanabea-Clade,Watanabea-Clade_X,Chloroidium,Chloroidium_sp.,AGCTCCAATAGCGTATATTTAAGTTGTTGCAGTTAAAAAGCTCGTAGTTGGATTTCGGGCGGGGCCTGCCGGTCCGCCTTTGGTGTGCACTGGCATGGGCTCGCCTCGCTGGCGGGGACGGGCTCCTGGGCTTCACTGTCCGGGACTCGGAGTCGCCGAGGTTACTTTGAGTAAATTAGAGTGTTCAAAGCAGGCCTACGCTCTGAATACGTTAGCATGGAATAACACGATAGGACTCTGGCCTATCTTGTTGGTCTGTGGGACCGGAGTAATGATTAAGAGGGACGGTCGGGGGCATTCGTATTTCGTTGTCAGAGGTGAAATTCTTGGATTTACGAAAGACGAACTTCTGCGAAAGCATTTGCCAAGGATGTTTTCA,Eukaryota,Archaeplastida,Chlorophyta,Chlorophyta_X,Trebouxiophyceae,Watanabea-Clade,Watanabea-Clade_X,Chloroidium,Chloroidium_sp.,100,100,100,100,100,100,100,100,67,920,920
seq17,92.0,KC953858.1.1489_U,18S_rRNA,nucleus,,Eukaryota,Metamonada,Metamonada,Parabasalia,Tritrichomonadea,Tritrichomonadida,Simplicimonadidae,Simplicimonas,Simplicimonas_similis,AGCTCTGCGAGTTTGCTCCCATATTGTTGCAGTTAAAACGCCCGTAGTCGGAGTTGCCATTGTGCTTATGTGTCTCGGCACGTTCACTGTGAACAAATCAGGACGCTTAGTGTATGGATTCAGGAATGACTCAGCGCAGTATGATATCTTTACTTCCAAGTAAGATCAATGAGAGCCATCGGGGGTAGATCTATTCCATGGCGAGCGGTGGAATGCGTTGACCCATGGGAGAGAAACGAAGGCGAAGGCATCTACCTAGAGGGTTTCTG,Eukaryota,Excavata,Metamonada,Parabasalia,Tritrichomonadea,Tritrichomonadida,Simplicimonadidae,Simplicimonas,Simplicimonas_similis,100,100,100,100,88,88,86,86,83,339,339
seq22,95.3,KC953858.1.1489_U,18S_rRNA,nucleus,,Eukaryota,Metamonada,Metamonada,Parabasalia,Tritrichomonadea,Tritrichomonadida,Simplicimonadidae,Simplicimonas,Simplicimonas_similis,AGCTCTGCGAGTTTGCTCCCATATTGTTGCAGTTAAAACGCCCGTAGTCGGAGTTGCCTCGCAAGAGGCGAGAGTGCCATTAGGCACGTTCACTGTGAACAAATCAGGACGCTTAGTGTATGGTTTCAGGAATGACTCAGCGCAGTATGATATCTTTACCTACAGGTAAGATCAATGAGAGCCACCGGGGGTAGATCTATTCCATGGCGAGCGGTGGAATGCTTTGACCCATGGGAGAGAAACGAAGGCGAAGGCATCTACCTAGAGGGTTTCTG,Eukaryota,Excavata,Metamonada,Parabasalia,Tritrichomonadea,Tritrichomonadida,Simplicimonadidae,Simplicimonas,Simplicimonas_similis,100,100,100,100,98,98,98,98,90,275,275
seq25,100.0,EU091849.1.1430_U,18S_rRNA,nucleus,clone_P2-3m2,Eukaryota,Archaeplastida,Chlorophyta,Chlorophyta_X,Trebouxiophyceae,Watanabea-Clade,Watanabea-Clade_X,Watanabea-Clade_XX,Watanabea-Clade_XX_sp.,AGCTCCAATAGCGTATATTTAAGTTGTTGCAGTTAAAAAGCTCGTAGTTGGATTTCGGGCGGGGCCTGCCGGTCCGCCTCTGGTGTGCACTGGCATGGGCTCGCCTCGCTGTCGGGGACGGGCTCCTGGGCTTAACTGTCCGGGACTCGGAGTCGACGAGGTTACTTTGAGTAAATTAGAGTGTTCAAAGCAGGCCTACGCTCTGAATACGTTAGCATGGAATAACACGATAGGACTCTGGCCTATCTTGTTGGTCTGTGGGACCGGAGTAATGATTAAGAGGGACGGTCGGGGGCATTCGTATTTCATTGTCAGAGGTGAAATTCTTGGATTTATGAAAGACGAACTTCTGCGAAAGCATTTGCCAAGGATGTTTTCA,Eukaryota,Archaeplastida,Chlorophyta,Chlorophyta_X,Trebouxiophyceae,Watanabea-Clade,Watanabea-Clade_X,Chloroidium,Chloroidium_saccharophila,100,100,100,100,100,100,100,100,94,238,238
seq31,100.0,MZ558750.1.2453_U,18S_rRNA,nucleus,clone_,Eukaryota,Archaeplastida,Chlorophyta,Chlorophyta_X,Trebouxiophyceae,Watanabea-Clade,Watanabea-Clade_X,Chloroidium,Chloroidium_orientale,AGCTCCAATAGCGTATATTTAAGTTGTTGCAGTTAAAAAGCTCGTAGTTGGATTTCGGGCGGGGCCTGCCGGTCCGCCTCTGGTGTGCACTGGCATGGGCTCGCCTCGCTGTCGGGGACGGGCTCCTGGGCTTCACTGTCCGGGACTCGGAGTCGACGAGGTTACTTTGAGTAAATTAGAGTGTTCAAAGCAGGCCTACGCTCTGAATACGTTAGCATGGAATAACACGATAGGACTCTGGCCTATCTTGTTGGTCTGTGGGACCGGAGTAATGATTAAGAGGGACGGTCGGGGGCATTCGTATTTCATTGTCAGAGGTGAAATTCTTGGATTTATGAAAGACGAACTTCTGCGAAAGCATTTGCCAAGGATGTTTTCA,Eukaryota,Archaeplastida,Chlorophyta,Chlorophyta_X,Trebouxiophyceae,Watanabea-Clade,Watanabea-Clade_X,Chloroidium,Chloroidium_saccharophila,100,100,100,100,100,100,100,100,61,188,188
seq35,91.2,KC953858.1.1489_U,18S_rRNA,nucleus,,Eukaryota,Metamonada,Metamonada,Parabasalia,Tritrichomonadea,Tritrichomonadida,Simplicimonadidae,Simplicimonas,Simplicimonas_similis,AGCTCTGCGAGTTTGCTCCCATATTGTTGCAGTTAAAACGCCCGTAGTCGGAGTTGCCGTTTGGCGTATGTGCCTTAGGGCACGTTCACTGTGAACAAATCAGGACGCTTAGGGTATGGATTCAGGAATGACTCAGCGCAGTATGATATCTTTACTTCCAAGTAAGATCAATGAGAGCCATCGGGGGTAGATCTATTCCATGGCGAGCGGTGGAATGCGTTGACCCATGGGAGAGAAACGAAGGCGAAGGCATCTACCAAGAGGGTTTCTG,Eukaryota,Excavata,Metamonada,Parabasalia,Tritrichomonadea,Tritrichomonadida,Simplicimonadidae,Simplicimonas,Simplicimonas_similis,100,100,100,100,80,80,80,80,79,120,120
seq38,90.9,KC953859.1.1483_U,18S_rRNA,nucleus,,Eukaryota,Metamonada,Metamonada,Parabasalia,Tritrichomonadea,Tritrichomonadida,Simplicimonadidae,Simplicimonas,Simplicimonas_similis,AGCTCTGCGAGTTTGCTCCCATATTGTTGCAGTTAAAACGCCCGTAGTCGGAGTTGCCGTTTCGGCGGCGTATGTGCCTTAAAGCACGTTCACTGTGAACAAATCAGGACGCTTAGTGTATGGTTTCAGGAATGACTCAGCGCAGTATGATATCTCTACTTCCAAGTAAAATCAATGAGAGCCATCGGGGGTAGATCTATTCCATGGCGAGCGGTGGAATGCTCTGACCCATGGGAGAGAAACGAAGGCGAAAGCATCTACCAAGAGGGTTTCTG,Eukaryota,Excavata,Metamonada,Parabasalia,Tritrichomonadea,Tritrichomonadida,Simplicimonadidae,Simplicimonas,Simplicimonas_similis,100,100,100,100,81,81,78,78,75,107,107
seq43,90.8,KC953858.1.1489_U,18S_rRNA,nucleus,,Eukaryota,Metamonada,Metamonada,Parabasalia,Tritrichomonadea,Tritrichomonadida,Simplicimonadidae,Simplicimonas,Simplicimonas_similis,AGCTCTGCGAGTTTGCTCCCATATTGTTGCAGTTAAAACGCCCGTAGTCGGAGTTGCCGTTTTTCGGCGTGAGTGCCTTAAAGCACGTTCACTGTGAACAAATCAGGACGCTTAGTGTAGGGATTCCGGAATGACTCAGCGCAGTATGATATCTTTACCTCGAGTAAGATCAATGAGAGCCATCGGGGGTAGATCTATTCCATGGCGAGCGGTGGAATGCGTTGACCCATGGGAGAGAAACGAAGGCGAAGGCATCTACCAAGAGGGTTTCTG,Eukaryota,Excavata,Metamonada,Parabasalia,Tritrichomonadea,Tritrichomonadida,Simplicimonadidae,Simplicimonas,Simplicimonas_similis,100,100,100,100,63,63,62,62,61,78,78
seq47,99.5,EU091849.1.1430_U,18S_rRNA,nucleus,clone_P2-3m2,Eukaryota,Archaeplastida,Chlorophyta,Chlorophyta_X,Trebouxiophyceae,Watanabea-Clade,Watanabea-Clade_X,Watanabea-Clade_XX,Watanabea-Clade_XX_sp.,AGCTCCAATAGCGTATATTTAAGTTGTTGCAGTTAAAAAGCTCGTAGTTGGATTTCGGGCGGGGCCCGCCGGTCCGCCTCTGGTGTGCACTGGCGTGGGCTCGCCTCGCTGTCGGGGACGGGCTCCTGGGCTTAACTGTCCGGGACTCGGAGTCGACGAGGTTACTTTGAGTAAATTAGAGTGTTCAAAGCAGGCCTACGCTCTGAATACGTTAGCATGGAATAACACGATAGGACTCTGGCCTATCTTGTTGGTCTGTGGGACCGGAGTAATGATTAAGAGGGACGGTCGGGGGCATTCGTATTTCATTGTCAGAGGTGAAATTCTTGGATTTATGAAAGACGAACTTCTGCGAAAGCATTTGCCAAGGATGTTTTCA,Eukaryota,Archaeplastida,Chlorophyta,Chlorophyta_X,Trebouxiophyceae,Watanabea-Clade,Watanabea-Clade_X,Chloroidium,Chloroidium_saccharophila,100,100,100,100,100,100,100,94,65,58,58
seq51,91.6,KC953858.1.1489_U,18S_rRNA,nucleus,,Eukaryota,Metamonada,Metamonada,Parabasalia,Tritrichomonadea,Tritrichomonadida,Simplicimonadidae,Simplicimonas,Simplicimonas_similis,AGCTCTGCGAGTTTGCTCCCATATTGTTGCAGTTAAAACGCCCGTAGTCGGAGTTGCCGCTTGTCGGCGTATGTGCCTTAAAGCACGTTCACTGTGAACAAATCAGGACGCTTAGTGTATGGATTCAGGAATGACTCAGCGCAGTATGATATCTTTACTTCCAAGTAAGATCAATGAGAGCCATCGGGGGTAGATCTATTCCATGGCGAGCGGTGGAATGCGTTGACCCATGGGAGAGAAACGAAGGCGAAGGCATCTACCAAGAGGGTTTCTG,Eukaryota,Excavata,Metamonada,Parabasalia,Tritrichomonadea,Tritrichomonadida,Simplicimonadidae,Simplicimonas,Simplicimonas_similis,100,100,100,100,83,83,82,82,79,49,49
seq53,94.2,FJ355409.1.1048_U,18S_rRNA,nucleus,clone_051102_S1_W_T_SDP18_098,Eukaryota,Stramenopiles,Stramenopiles,Gyrista,Chrysophyceae,Ochromonadales,Ochromonadales_clade-XIII,Ochromonadales_clade-XIII_X,Ochromonadales_clade-XIII_X_sp.,AGCTCCAATAGCGTATACTAAAGTTGTTGCAGTTAAAAAGCTCGTAGTTGAATTTCTGGTCTCGAGACGCAGCCAGGCTCAAGGGCCGATACTGCGGATTGGGACCATCCTCGAGAAGAACATATCTGTCATTGAGTTGATGGGTATGGGACTCTCGTCTTTTACTGTGAGCAAAATAGAGTGTTCAAAGCAGGCTTACGCCGTTGAATACATTAGCATGGAATAATAAGATAGGACTTCGGTCTATTTTGTTGGTTATACTCCGAAGTAATGATTAATAGGGACAGTTGGGGGTATTCGTATTCAATTGTCAGAGGTGAAATTCTTGGATTTATGGAAGACGAACTACTGCGAAAGCATTTACCAAGGATGTTTTCA,Eukaryota,TSAR,Stramenopiles,Gyrista,Chrysophyceae,Ochromonadales,Ochromonadales_clade-XIII,Ochromonadales_clade-XIII_X,Ochromonadales_clade-XIII_X_sp.,100,100,100,100,100,100,70,70,70,48,48
seq54,90.5,KC953858.1.1489_U,18S_rRNA,nucleus,,Eukaryota,Metamonada,Metamonada,Parabasalia,Tritrichomonadea,Tritrichomonadida,Simplicimonadidae,Simplicimonas,Simplicimonas_similis,AGCTCTGCGAGTTTGCTCCCATATTGTTGCAGTTAAAACGCCCGTAGTCGGAGTTGCCGTTTTTCGGCGTATGTACCTCCAAGTACGTTCACTGTGAACAAATCAGGACGCTTAGTGTATGGATTCAGGAATGACTCAGCGCAGTATGATATCTTTACTTCCAAGTAAGATCAATGAGAGCCATCGGGGGTAGATCTATTCCATGGCGAGCGGTGGAATGCGTTGACCCATGGGAGAGAAACGAAGGCGAAGGCATCTACCAAGAGGGTTTCTG,Eukaryota,Excavata,Metamonada,Parabasalia,Tritrichomonadea,Tritrichomonadida,Simplicimonadidae,Simplicimonas,Simplicimonas_similis,100,100,100,100,88,88,88,88,88,47,47
seq59,97.4,KF648870.1.1484_U,18S_rRNA,nucleus,strain_MTZ1,Eukaryota,Alveolata,Alveolata,Apicomplexa,Coccidiomorphea,Eimeriida,Eimeriidae,Isospora,Isospora_sp.,AGCTCCAATAGTGTATATTAGAGTTGTTGCAGTTAAAAAGCTCGTAGTTGGATTTCTGTCGGGGTCTTCGGGTGCCGCCCGTATGGGTGCGCAGCTAGTTAGACCTCGGCTTTCTTCCGGTAGCCTTCCGCGCTTAACTGCGTGTGTTGGTGTTCCGGAACTTTTACTTTGAGAAAAATAGAGTGTTTCAAGCAGGCTTGTCGCCCTGAATACTTCAGCATGGAATAATAAGATAGGACCTTGGTTCTATTTTGTTGGTTTCTAGGACCAAGGTAATGATTAATAGGGACAGTTGGGGGCATTCGTATTTAACTGTCAGAGGTGAAATTCTTAGATTTGTTAAAGACGAACTACTGCGAAAGCATTTGCCAAGGATGTTTTCA,Eukaryota,TSAR,Alveolata,Apicomplexa,Coccidiomorphea,Eimeriida,Eimeriidae,Isospora,Isospora_sp.,100,100,100,100,100,100,100,58,54,40,40
seq60,88.5,NGBS01000218.13865.15598_U,18S_rRNA,nucleus,strain_LA,Eukaryota,Stramenopiles,Stramenopiles,Bigyra,Opalozoa,Opalinata,Proteromonadidae,Proteromonas,Proteromonas_lacertae,ATCATTACAAGCGTATATTAAAATTGTTGCATTTAAAAAGCTCGTAGTTGAATAATAGATTTGAAGTTAGATTGACCTAGTCAAGATATTCTTCATTTCTTTTGTTATATTTTCGGATATAACCATTTACTGTGAAAAAATTAGAGTGTTTAAAGCAAATTGTAAATTTGAATATTATTAGCATGGAATAATAATATATGATTAATATTATATATTATGGTAATATAGTATTAATAATGATTAATAGGGATAGTTGTGGGTATTCATATTTCATAGTCAGAGGTGAAATTCAAGGATTTATGAAAGATGAACGAATGCGAAAGCATTTACCAAGGATGTTTTCA,Eukaryota,TSAR,Stramenopiles,Bigyra,Opalozoa,Opalinata,Proteromonadidae,Proteromonas,Proteromonas_lacertae,99,99,97,97,97,97,77,77,77,39,39
seq62,90.4,KC953859.1.1483_U,18S_rRNA,nucleus,,Eukaryota,Metamonada,Metamonada,Parabasalia,Tritrichomonadea,Tritrichomonadida,Simplicimonadidae,Simplicimonas,Simplicimonas_similis,AGCTCTGCGAGTTTGCTCCCATATTGTTGCAGTTAAAACGCCCGTAGTCGGAGTTGCCGCAAGGCTTATGTGCCTCACAGCACGTTCACTGTGAACAAATCAGGACGCTTAGGGTATGGGATTTAGGAATGACTCAGCGCAGTATGATATCTTTACTTCCAAGTAAGATCAATGAGAGCCATCGGGGGTAGATCTATTCTATGGCGAGCGGTGGAATGCTCTGACCCATGGGAGAGAAACGAAGGCGAAGGCATCTACCTAGAGGGTTTCTG,Eukaryota,Excavata,Metamonada,Parabasalia,Tritrichomonadea,Tritrichomonadida,Simplicimonadidae,Simplicimonas,Simplicimonas_similis,100,100,100,100,72,72,70,70,65,38,38
seq63,90.1,KC953858.1.1489_U,18S_rRNA,nucleus,,Eukaryota,Metamonada,Metamonada,Parabasalia,Tritrichomonadea,Tritrichomonadida,Simplicimonadidae,Simplicimonas,Simplicimonas_similis,AGCTCTGCGAGTTTGCTCCCATATTGTTGCAGTTAAAACGCCCGTAGTCGGAGTTGCCGTTTTACGGCGGAAGTGCCTCCAAGCACGTTCACTGTGAACAAATCAGGACGCTTAGTGTATGGATTCAGGAATGACTCAGCGCAGTATGATATCTTTACTTCCAAGTAAGATCAATGAGAGCCATCGGGGGTAGATCTATTCTATGGCGAGCGGTGGAATGCGTTGACCCATGGGAGAGAAACGAAGGCGAAGGCATCTACCAAGAGGGTTTCTG,Eukaryota,Excavata,Metamonada,Parabasalia,Tritrichomonadea,Tritrichomonadida,Simplicimonadidae,Simplicimonas,Simplicimonas_similis,100,100,100,100,86,86,85,85,82,37,37
seq71,91.2,KC953859.1.1483_U,18S_rRNA,nucleus,,Eukaryota,Metamonada,Metamonada,Parabasalia,Tritrichomonadea,Tritrichomonadida,Simplicimonadidae,Simplicimonas,Simplicimonas_similis,AGCTCTGCGAGTTTGCTCCCATATTGTTGCAGTTAAAACGCCCGTAGTCGGAGTTGCCGTTTTACGGCCTATGTGCCTCGGCACGTTCACTGTGAACAAATCAGGACGCTTAGTGTATGGATTCATGAATGACTCAGCGCAGTATGATATCTTTACTTCCAAGTAAGATCAATGAGAGCCATCGGGGGTAGATCTATTCCATGGCGAGCGGTGGAATGCTCTGACCCATGGGAGAGAAACGAAGGCGAAGGCATCTACCAAGAGGGTTTCTG,Eukaryota,Excavata,Metamonada,Parabasalia,Tritrichomonadea,Tritrichomonadida,Simplicimonadidae,Simplicimonas,Simplicimonas_similis,100,100,100,100,73,73,67,67,64,31,31
seq85,92.3,KC953858.1.1489_U,18S_rRNA,nucleus,,Eukaryota,Metamonada,Metamonada,Parabasalia,Tritrichomonadea,Tritrichomonadida,Simplicimonadidae,Simplicimonas,Simplicimonas_similis,AGCTCTGCGAGTTTGCTCCCATATTGTTGCAGTTAAAACGCCCGTAGTCGGAGTTGCCTTTTGGCTTATGTGCTTCGGCACGTTCACTGTGAACAAATCAGGACGCTTAGTGTATGGATTCAGGAATGACTCAGCGCAGTATGATATCTTTACTCCCAAGTAAGATCAATGAGAGCCATCGGGGGTAGATCTATTCCATGGCGAGCGGTGGAATGCGTTGACCCATGGGAGAGAAACGAAGGCGAAGGCATCTACCTAGAGGGTTTCTG,Eukaryota,Excavata,Metamonada,Parabasalia,Tritrichomonadea,Tritrichomonadida,Simplicimonadidae,Simplicimonas,Simplicimonas_similis,100,100,100,100,88,88,85,85,73,22,22
seq92,100.0,MZ067863.1.738_U,18S_rRNA,nucleus,strain_ACKU_309-4,Eukaryota,Archaeplastida,Chlorophyta,Chlorophyta_X,Chlorophyceae,Chlamydomonadales,Chlamydomonadales_X,Chlorosarcinopsis,Chlorosarcinopsis_bastropiensis,AGCTCCAATAGCGTATATTTAAGTTGTTGCAGTTAAAAAGCTCGTAGTTGGATTTCGGGTGCGACGACGCGGTCTGCCTCTGGTATGTACTGCGCTCGGCGCACCTTTCTGCCGGGGACGGGCTCCTGGGCTTTATTGTCTGGGACTCGGAGTCGGCGAGGTGACCTTGAGCAAACGAGAGTGTTCAAAGCAAGCCTACGCTCTGAATCATTTAGCATGGAATCACGTGATAGGACTCTGGCCTATCTTGTTGGTCTGTAGGACCGGAGTAATGATTAAGAGGAACAGTCGGGGGCATTCGTATTTCATTGTCAGAGGTGAAATTCTTGGATTTATGAAAGACGAACTTCTGCGAAAGCATTTGCCAAGGATGTTTTCA,Eukaryota,Archaeplastida,Chlorophyta,Chlorophyta_X,Chlorophyceae,Chlamydomonadales,Chlamydomonadales_X,Chlorosarcinopsis,Chlorosarcinopsis_bastropiensis,100,100,100,100,100,100,100,100,100,20,20
seq93,97.9,AY321149.1.1455_U,18S_rRNA,nucleus,strain_T,Eukaryota,Metamonada,Metamonada,Parabasalia,Trichomonadea,Honigbergiellida,Hexamastigidae,Hexamastix,Hexamastix_kirbyi,AGCTCTGCGAGTTTGCTCCCGTATTGTTGCAGTTAAAACGCCTGTAGCCAGAATACTGCAAACTGCGAATAAATCAGGACGCTCAGGGTACATTTTATGGAATGACCATGCGCAGGATTTGAAATTTTCTACGGAAAGCTCAATGAGAGCCATCGGGGTCAGTGCTATTCAGTGGCGAACGGTGGAATGCAGTGACCCACTGGAGAGGAGCGGAAGCGAAGGCTACTGACAAGAGGGTTTCTG,Eukaryota,Excavata,Metamonada,Parabasalia,Trichomonadea,Honigbergiellida,Hexamastigidae,Hexamastix,Hexamastix_kirbyi,100,100,100,100,100,100,100,100,66,20,20
seq96,100.0,FJ592322.1.1085_U,18S_rRNA,nucleus,clone_B06_SE1A,Eukaryota,Archaeplastida,Chlorophyta,Chlorophyta_X,Trebouxiophyceae,Prasiolales,Prasiolales_X,Prasiolales_XX,Prasiolales_XX_sp.,AGCTCCAATAGCGTATATTTAAGTTGCTGCAGTTAAAAAGCTCGTAGTTGGATTTCGGATGGGTTCCGCCGGTCCGCCGTTTCGGTGTGCACTGACGGCGCCCATCTTGCTGTCGGGGACGGGCTCCTGGGCTTAACTGTCCGGGACTCGGAGTCGACGAGGTTACTTTGAGTAAATTAGAGTGTTCAAAGCAGGCCTACGCTCTGAATACATTAGCATGGAATAACACGATAGGACTCTGGCCTATCTTGTTGGTCTGTAGGACCGGAGTAATGATTAAGAGGGACAGTCGGGGGCATTCGTATTTCATTGTCAGAGGTGAAATTCTTGGATTTATGAAAGACGAACTACTGCGAAAGCATTTGCCAAGGATGTTTTCA,Eukaryota,Archaeplastida,Chlorophyta,Chlorophyta_X,Trebouxiophyceae,Prasiolales,Prasiolales_X,Prasiolales_XX,Prasiolales_XX_sp.,100,100,100,100,100,100,100,60,60,19,19
seq98,100.0,AB695526.1.1759_U,18S_rRNA,nucleus,clone_MPE2-32,Eukaryota,Rhizaria,Rhizaria,Cercozoa,Filosa-Sarcomonadea,Glissomonadida,Allapsidae,Allapsidae_X,Allapsidae_X_sp.,AGCTCCAATAGCGTATATTAATGTTGCTGCAGTTAAAAAGCTCGTAGTTGGATTTCTGACTTGGCGCACCTGGCCCGCCACGGTTACGTGTGTGAGTGCCGGGATGCGCCTGTCACTTTTCTAGTAAACTATTGTGCTCTTCATTGAGTGTGATAGGTAGCTAGATAATTTACTTTGAAAAAATTAGAGTGTTTAAAGCAGGCGTTTGCTATGAATACATTAGCATGGAATAATAACTTAGGACTTCGGTTCTATTTTGTTGGTTTCTAGGACTGAAGTAATGATTGATAGGGATAGTTGGGGGTGCTAGTATTCAGCGGCCAGAGGTGAAATTCTCGGATTCGCTGAAGACTAACTTATGCGAAAGCATTCACCAAGGATGTCTTCT,Eukaryota,TSAR,Rhizaria,Cercozoa,Filosa-Sarcomonadea,Glissomonadida,Allapsidae,Allapsidae_X,Allapsidae_X_sp.,100,100,100,100,100,100,100,93,93,18,18
seq99,84.9,OM987996.1.1692_U,18S_rRNA,nucleus,strain_PHEM1,Eukaryota,Metamonada,Metamonada,Fornicata,Fornicata_X,Fornicata_XX,Caviomonadidae,Iotanema,Iotanema_spirale,AGCTCTCCTGGTGTATGCAAAAGTTGCTGCAGTTAAAGCGCTCCTATTTGGCGTTCGGGTGGTACTGGGAGGCCGGGCCCTAGGCTCTGTGCTTCCTGGAGCCACCTTCTGAGTGAGGCAACTCACTTCGGTTACCATGAGAAAAGTGTAGCGCTCAAAGCAAGCTAAGCTGAGCATTTAAGCATGGGATAACAGGCTATGACTCCATAGACGCTGTTGGTCCGTTTAGCGGAGTAATGAGTAAGAGGGGCAGTTGGGGGCCTTAGTACGATGGCGCCAGAGGTGAAATTCCAAGACCGCCGTCAGACTAACTGAAGCGAAAGCGTTGGCCAAGGATGCTTTCA,Eukaryota,Excavata,Metamonada,Fornicata,Fornicata_X,Fornicata_XX,Caviomonadidae,Iotanema,Iotanema_spirale,100,100,100,100,100,100,100,98,98,18,18
seq103,92.3,EF024471.1.1761_U,18S_rRNA,nucleus,clone_Elev_18S_1147,Eukaryota,Alveolata,Alveolata,Apicomplexa,Gregarinomorphea,Neogregarinorida,Actinocephalidae,Monocystis,Monocystis_sp.,AGCTCCAATAGCGTATATTAAAGTTGTTGCAGTTAAAACGCTCGTAGTTGAAATTCTGCTAGCGAGAATAGGTCATCTCTTTGAGTATGTACTTGTTGTCGTTGGCATTAATCCGATTCATCTAACAGTTAAACCAAACTGTTGGATATTCGGAGCTGTTACTTTGAGAAAATTAGAGTGTTTCAAGCAGGCGTAATGCCTTGAATACTCCAGCATGGAATAACAAGTAAGGACTCAAGTTCTTCTTGTTGGTTTAAGAGCCTGAGTAATGATTAAGAGGAACAGTTGGGGGCATTCGTACTTAGTAGTCAGAGGTGAAATTCTTAGATTTACTAAAGACGAACTACTGCGAAGGCATCTGCCATGGATGTTTTCA,Eukaryota,TSAR,Alveolata,Apicomplexa,Gregarinomorphea,Neogregarinorida,Actinocephalidae,Monocystis,Monocystis_sp.,100,100,100,100,100,100,100,75,75,16,16
seq104,98.9,EF200530.1.1708_U,18S_rRNA,nucleus,,Eukaryota,Archaeplastida,Chlorophyta,Chlorophyta_X,Trebouxiophyceae,Prasiolales,Prasiolales_X,Prasiola,Prasiola_crispa,AGCTCCAATAGCGTATATTTAAGTTGCTGCAGTTAAAAAGCTCGTAGTTGGATTTCGGATGGGTACCGTCGGTCCGCCTCACGGTGAGTTACTGGCGGCGCCCATCTTGCTGTCGGGGACGGGCTCCTGGGCTTAACTGTCTGGGACTCGGAGTCGACGAGGTTACTTTGAGTAAATTAGAGTGTTCAAAGCAGGCCTACGCTCTGAATACATTAGCATGGAATAACACGATAGGACTCTGGCCTATCTTGTTGGTCTGTAGGACCGGAGTAATGATTAAGAGGGACAGTCGGGGGCATTCGTATTTCATTGTCAGAGGTGAAATTCTTGGATTTATGAAAGACGAACTACTGCGAAAGCATTTGCCAAGGATGTTTTCA,Eukaryota,Archaeplastida,Chlorophyta,Chlorophyta_X,Trebouxiophyceae,Prasiolales,Prasiolales_X,Prasiola,Prasiola_crispa,100,100,100,100,100,100,100,48,48,16,16
seq108,100.0,DQ388549.1.1646_U,18S_rRNA,nucleus,,Eukaryota,Stramenopiles,Stramenopiles,Gyrista,Chrysophyceae,Ochromonadales,Ochromonadaceae,Spumella,Spumella_vulgaris,AGCTCCAATAGCGTATACTAAAGTTGTTGCAGTTAAAAAGCTCGTAGTTGAATTTCTGGTCTTGGATCTCGGTCTGCCTCAAACGAGGTATGTACCAGGGATCTGAGACCATCCTCGAAGAAAACATGTCTGTCATTAAGTTAATGGGCATGGGATCTTCGTCATTTACTGTGAGCAAAATAGGGTGTTCAAAGCAGGCTTATGCCGTTGAATACATTAGCATGGAATAATAAGATAGGACCTTGGTCTATTTTGTTGGTTTGTACTCCAAGGTAATGATTAATAGGGATAGTTGGGGGTATTCGTATTCAATTGTCAGAGGTGAAATTCTTGGATTTATGGAAGACGAACTACTGCGAAAGCATTTACCAAGGATGTTTTCA,Eukaryota,TSAR,Stramenopiles,Gyrista,Chrysophyceae,Ochromonadales,Ochromonadaceae,Spumella,Spumella_vulgaris,100,100,100,100,100,100,100,100,100,14,14
seq110,87.8,OM987996.1.1692_U,18S_rRNA,nucleus,strain_PHEM1,Eukaryota,Metamonada,Metamonada,Fornicata,Fornicata_X,Fornicata_XX,Caviomonadidae,Iotanema,Iotanema_spirale,AGCTCTCCTGGTGTATGCAAAAGTTGCTGCAGTTAAAGCGCTCCTATTTGATGATCGAGCATAGGTGAGGCACCGGGCTTTTTAGCTCTGAGTACCTTAGCGATGCCCTAAGGATGTTTAATCATCCCGGTTACCATGAGAAAAATGTAGCGCTCCAAGCAAGCTTTGCTGAGCATTTTAGCATGGGATAACAAGCCACGACTCCACGTGCGCTGTTGGTCCGTTCGGAGGAGTAATGAGTAAGAGGGGCAGTTGGGGGCCTTAGTACGATGGCGCCAGAGGTGAAATTCATAGACCGCCGTCAGACTACCTGAAGCGAAAGCGTTGGCCAAGGATGCTTTCA,Eukaryota,Excavata,Metamonada,Fornicata,Fornicata_X,Fornicata_XX,Caviomonadidae,Iotanema,Iotanema_spirale,100,100,100,100,100,100,100,100,100,14,14
seq113,84.5,EU087208.1.865_U,18S_rRNA,nucleus,clone_1_39,Eukaryota,Alveolata,Alveolata,Apicomplexa,Gregarinomorphea,Eugregarinorida,Gregarinidae,Amoebogregarina,Amoebogregarina_sp.,AGCTCCAATAGCGTATATTAAAATTGCTGCAGTTAAAGCGTCCGTAGTCGGATCTCGTCCCCTTAATAAGGAAGCGGAGATTTTTTCTAATCTCTATGCGCCTTATTGTCTGGACTACGGTGACTCAAGGCAACTTGAATGTCACCCTGTTACTTTGAGCAAATTGGAGTGCTCCAACCAAGCCTAAGCTTGTACAGCTCAGCATGGAATAACGAGATAGGACTTTGATTCTTCTTGTTGGTGTCACGAATCGATAGTAATGATTGATAAGGAAATTCGGGGGCATTTGTACTTGCTGGAGAGAGGTGAAATTCTAAGACCCTGCAAAGACAAACGAATGCGAAAGCATTTGCCCAGTATCTGCCTG,Eukaryota,TSAR,Alveolata,Apicomplexa,Gregarinomorphea,Eugregarinorida,Gregarinidae,Leidyana1,Gregarina_caledia,100,98,98,98,98,98,98,41,26,13,13
seq115,100.0,KM020169.1.1775_U,18S_rRNA,nucleus,,Eukaryota,Archaeplastida,Chlorophyta,Chlorophyta_X,Chlorophyceae,Chlamydomonadales,Coccomyxaceae,Coccomyxa,Coccomyxa_sp.,AGCTCCAATAGCGTATATTTAAGTTGCTGCAGTTAAAAAGCTCGTAGTTGGATTTCGGATGGGTTCCGCCGGTCCGCCGTTTCGGTGTGCACTGACGGCGCCCATCTTGCTGCCGGGGACGGGCTCCTGGGCTTAACTGTCCGGGACTCGGAGTCGGCGAGGTTACTTTGAGTAAATTAGAGTGTTCAAAGCAGGCCTACGCTCTGAATACATTAGCATGGAATAACACGATAGGACTCTGGCCTATCTTGTTGGTCTGTAGGACCGGAGTAATGATTAAGAGGGACAGTCGGGGGCATTCGTATTTCATTGTCAGAGGTGAAATTCTTGGATTTATGAAAGACGAACTACTGCGAAAGCATTTGCCAAGGATGTTTTCA,Eukaryota,Archaeplastida,Chlorophyta,Chlorophyta_X,Trebouxiophyceae,Prasiolales,Prasiolales_X,Stichococcus,Stichococcus_bacillaris,100,100,100,100,100,99,99,54,54,13,13
seq116,100.0,X74000.1.2286_R,18S_rRNA,nucleus,strain_Andreyeva_748-I,Eukaryota,Archaeplastida,Chlorophyta,Chlorophyta_X,Trebouxiophyceae,Chlorellales,Chlorellales_X,Chlorella,Chlorella_mirabilis,AGCTCCAATAGCGTATATTTAAGTTGTTGCAGTTAAAAAGCTCGTAGTTGGATTTCGGATGGGTGCCGTCGGTCCGCCGTTTCGGTGTGCACTGACGGCGCCCATCTTGCTGCCGGGGACGGGCTCCTGGGCTTAACTGTCCGGGACTCGGAGTCGGCGAGGTTACTTTGAGTAAATTAGAGTGTTCAAAGCAGGCCTACGCTCTGAATACATTAGCATGGAATAACACGATAGGACTCTGGCCTATCTTGTTGGTCTGTAGGACCGGAGTAATGATTAAGAGGGACAGTCGGGGGCATTCATATTTCATTGTCAGAGGTGAAATTCTTGGATTTATGAAAGATGAACCGCTGCGAAAGCTTTTGCCAAGGATGTTTTCA,Eukaryota,Archaeplastida,Chlorophyta,Chlorophyta_X,Trebouxiophyceae,Chlorellales,Chlorellales_X,Chlorella,Chlorella_mirabilis,100,100,100,100,100,99,99,99,99,13,13
seq118,100.0,EU709161.6.1494_U,18S_rRNA,nucleus,clone_,Eukaryota,Rhizaria,Rhizaria,Cercozoa,Filosa-Sarcomonadea,Glissomonadida,Sandonidae,Sandona,Sandona_sp.,AGCTCCAATAGCGTATATTAAAGTTGCTGCAGTTAAAAAGCTCGTAGTTGGATTTCTGGGCTCAAGAATTTGGCCGGCCACGGTTTCGTGTGTTAGTGCTTTGTTCTGTGTCCATCCTTCCAATCGCTATTGGCTATTCTTCATTGATTGGTCAGTAGTATTGGATCTTTTACTTTGAAAAAATTAGAGTGTTTCAAGCAGGCTTTATGCTATGAATACATTAGCATGGAATAATAATTTAGGACTTCTGTTCTATTTTGTTGGTTTCTAGGACTGAAGTAATGATTGATAGGGATAGTTGGGGGTGCTAGTATTCAGCGGCCAGAGGTGAAATTCTCGGATTCGCTGAAGACTAACTTATGCGAAAGCATTCACCAAGGATGTCTTCT,Eukaryota,TSAR,Rhizaria,Cercozoa,Filosa-Sarcomonadea,Glissomonadida,Sandonidae,Sandona,Sandona_sp.,100,100,100,100,100,100,100,100,98,12,12
seq121,88.0,OM987996.1.1692_U,18S_rRNA,nucleus,strain_PHEM1,Eukaryota,Metamonada,Metamonada,Fornicata,Fornicata_X,Fornicata_XX,Caviomonadidae,Iotanema,Iotanema_spirale,AGCTCTCCTAGTGTATGCAAAAGTTGCTGCAGTTAAAGCGCTCCTATTTGACGATCAAGTACAAATGGATTGCCGGGCATTGAGCTCTGAGCAGTCTAGATGTACTTTACAAACCTGAAAAGGTTTCTGTTACCATGAGAAAATTGTAGCGCTCAAAGCAAGCTTAGCTGAGCATTATAGCATGGGATAACAAGCCACGACTCCACGTGCGCTGTTGGTCCGTTCGGAGGAGTAATGAGTAAGAGGGGCAGTTGGGGGCCTTAGTACGATGGCGACAGAGGTGAAATTCCGAGACCGCCGTCAGACTACCTGAAGCGAAAGCGTTGGCCAAGGATGCTTTCA,Eukaryota,Excavata,Metamonada,Fornicata,Fornicata_X,Fornicata_XX,Caviomonadidae,Iotanema,Iotanema_spirale,100,100,100,100,100,100,100,100,100,12,12
seq125,90.5,KC953858.1.1489_U,18S_rRNA,nucleus,,Eukaryota,Metamonada,Metamonada,Parabasalia,Tritrichomonadea,Tritrichomonadida,Simplicimonadidae,Simplicimonas,Simplicimonas_similis,AGCTCTGCGAGTTTGCTCCCATATTGTTGCAGTTAAAACGCCCGTAGTCGGAGTTGCCGTTTATCGGCGTAAGTGCCTTAAAGCACGTTCACTGTGAACAAATCAGGACGCTTAGTGTAGGGATTCCAGAATGACTCAGCGCAGTATGATATCTTTACTTCCAAGTAAGATCAATGAGAGCCATCGGGGGTAGATCTATTCCATGGCGAGCGGTGGAATGCTTTGACCCATGGGAGAGAAACGAAGGCGAAGGCATCTACCAAGAGGGTTTCTG,Eukaryota,Excavata,Metamonada,Parabasalia,Tritrichomonadea,Tritrichomonadida,Simplicimonadidae,Simplicimonas,Simplicimonas_similis,100,100,100,100,71,71,68,68,64,11,11
seq127,90.8,EF024854.1.1760_U,18S_rRNA,nucleus,clone_Elev_18S_1374,Eukaryota,Alveolata,Alveolata,Apicomplexa,Gregarinomorphea,Neogregarinorida,Actinocephalidae,Monocystis,Monocystis_sp.,AGCTCCAATAGCGTATATTAAAGTTGTTGCAGTTAAAACGCTCGTAGTTGAAGTTGTGGCAGTAATAGTGGGTCATCTTTAACGAGCATGCACTTATTGTTATTGCCATTATTCTGGTATATGCAGGGTAACCTGTATATTCGGAACTGTTACTTTGAGAAAATTAGAGTGTTTCAAGCAGGCGTAATGCTTTGAATACTCCAGCATGGAATGACAACAAAGGACTCAAGTCTTTCTTGTTGGTTTAAGGAGTTGAGTAATGATTAAGAGGAACAGTCGGGGGTATTTGTATTCAGTCGCTAGAGGTGAAATTCTTAGATTGACTGAAGACGAACTACTGCGAAGGCATCTACCATGGATGTTTTCA,Eukaryota,TSAR,Alveolata,Apicomplexa,Gregarinomorphea,Neogregarinorida,Actinocephalidae,Syncystis,Syncystis_mirabilis,100,100,99,99,99,99,98,66,66,10,10
seq130,100.0,AY884326.1.1078_U,18S_rRNA,nucleus,strain_CeS-2,Eukaryota,Rhizaria,Rhizaria,Cercozoa,Filosa-Sarcomonadea,Cercomonadida,Cercomonadidae,Cercomonas,Cercomonas_sp.,AGCTCCAATAGCGTATATTAAAATTGTTGCAGTTAAAAAGCTCGTAGTTGGATTTCTGGTTCGGCGCACTTGGCCCGTCTCGGTTTACGGGATTGTGTGCCGGTGTGCGCCATCCATCCTTCGAGAGAACACTTCTACCCTTCACTGGGTCGGGAGTGCTATCTCGATCTTTTACTTTGAAAAAATTAGAGTGTTTAAAGCAGGCTTGCGCTATGAATACATTAGCATGGAATAATAATTTAGGACTTTGGTCTTATTTTGTTGGTTTCTAGGACTAAAGTAATGATTGATAGGGACAGTTGGGGGTGCTAGTATTCAGCGGCCAGAGGTGAAATTCTTGGATTCGCTGAAGACTAACTTATGCGAAAGCATTCACCAAGGATGTCTTCT,Eukaryota,TSAR,Rhizaria,Cercozoa,Filosa-Sarcomonadea,Cercomonadida,Cercomonadidae,Cercomonas,Cercomonas_sp.,100,100,100,100,100,100,100,100,91,9,9
seq131,100.0,AJ579340.1.1732_U,18S_rRNA,nucleus,strain_SAG_30.83,Eukaryota,Stramenopiles,Stramenopiles,Gyrista,Xanthophyceae,Xanthophyceae_X,Xanthophyceae_XX,Botrydiopsis,Botrydiopsis_callosa,AGCTCCAATAGCGTATATTAAAGTTGTTGCAGTTAAAAAGCTCGTAGTTGGATTTCTGGGTCGCTGGATGGCCCCCTGCCTCACGGCAGCTGGTTTGGCTGACTCCTAGCGTCCCATCCTCGGGTGGGTCCTGCTTGGCATTAGGTTGTTGGGCAGGGGAAGCCCGTCTTTTACTGTGAAAAAATTAGAGTGTTCAAAGCAGGCTTAGGCCGTTGAATACATTAGCATGGAATAATGAGATAGGGCCTTGATGGATTCTTCTATTTTGTTGGTTTGCACGCCAAGGCAATGATTAACAGGGACAGTTGGGGGTATTCGTATTCAAATGTCAGAGGTGAAATTCTTGGATTTTTTGAAGACGAACTACTGCGAAAGCATTTACCAAGGATGTTTTCA,Eukaryota,TSAR,Stramenopiles,Gyrista,Xanthophyceae,Xanthophyceae_X,Xanthophyceae_XX,Botrydiopsis,Botrydiopsis_callosa,100,100,100,100,100,100,100,89,89,9,9
seq132,100.0,JN573894.1.1681_U,18S_rRNA,nucleus,,Eukaryota,Archaeplastida,Chlorophyta,Chlorophyta_X,Trebouxiophyceae,Watanabea-Clade,Watanabea-Clade_X,Diplosphaera,Diplosphaera_sp.,AGCTCCAATAGCGTATATTTAAGTTGCTGCAGTTAAAAAGCTCGTAGTTGGATTTCGGATGGGTTCCGTCGGTCCGCCGTTTCGGTGTGCACTGGCGGCGCCCATCTTGCTGCCGGGGACGGGCTCCTGGGCTTCACTGTCCGGGACCCGGAGTCGGCGAGGTTACTTTGAGTAAATTAGAGTGTTCAAAGCAGGCCTACGCTCTGAATACATTAGCATGGAATAACACGATAGGACTCTGGCCTATCTTGTTGGTCTGTAGGACCGGAGTAATGATTAAGAGGGACAGTCGGGGGCATTCGTATTTCATTGTCAGAGGTGAAATTCTTGGATTTATGAAAGACGAACTACTGCGAAAGCATTTGCCAAGGATGTTTTCA,Eukaryota,Archaeplastida,Chlorophyta,Chlorophyta_X,Trebouxiophyceae,Prasiolales,Prasiolales_X,Pseudostichococcus,Pseudostichococcus_monallantoides,100,100,100,100,100,100,100,99,99,9,9
seq133,100.0,FR693368.1.1633_U,18S_rRNA,nucleus,,Eukaryota,Archaeplastida,Chlorophyta,Chlorophyta_X,Trebouxiophyceae,Watanabea-Clade,Watanabea-Clade_X,Apatococcus,Apatococcus_lobatus,AGCTCCAATAGCGTATATTTAAGTTGCTGCAGTTAAAAAGCTCGTAGTTGGATTTCGGGCGGGTGCTGCCGGTCCGCCCTTTGGGTGTGCACCGGTTGCGCCCGTCCTGCTGCCGGGGACGGGTGCCTGGGCTTCACTGTCCGGGTCCTGGAGTCGGTGAGGTTACTTTGAGTAAATTAGAGTGTTCAAAGCAGGCCTACGCTCTGAATACATTAGCATGGAATAACACGATAGGACTCTGGCCTATCCCGTTGGTCTGTGGGACCGGAGTAATGATTAAGAGGGACAGTCGGGGGCATTCGTATTTCATTGTCAGAGGTGAAATTCTTGGATTTATGAAAGACGAACTTCTGCGAAAGCATTTGCCAAGGATGTTTTCA,Eukaryota,Archaeplastida,Chlorophyta,Chlorophyta_X,Trebouxiophyceae,Watanabea-Clade,Watanabea-Clade_X,Apatococcus,Apatococcus_lobatus,100,100,100,100,100,100,100,100,100,9,9
seq134,99.2,JQ993661.1.1396_U,18S_rRNA,nucleus,,Eukaryota,Alveolata,Alveolata,Apicomplexa,Coccidiomorphea,Eimeriida,Eimeriidae,Eimeria6,Eimeria6_sp.,AGCTCCAATAGTGTATGTTAGAGTTGTTGCAGTTAAAAAGCTCGTAGTTGGATTTCTGTCGTGGTCATCCGGCTCCGCCCGTATGGGTGGGCGCCTGGTTTGCCCTCGGCTTTCTTCCGGTAGCCTTCCGCGCTTCACTGCGTGTGTTGGTGTTCCGGAACTTTTACTTTGAGAAAAATAGAGTGTTTCAAGCAGGCTTGTCGCCCTGAATACTTCAGCATGGAATAATAAGATAGGACCTTGGTTCTATTTTGTTGGTTTCTAGGACCAAGGTAATGATTAATAGGGACAGTTGGGGGCATTCGTATTTAACTGTCAGAGGTGAAATTCTTAGATTTGTTAAAGACGAACTACTGCGAAAGCATTTGCCAAGGATGTTTTCA,Eukaryota,TSAR,Alveolata,Apicomplexa,Coccidiomorphea,Eimeriida,Eimeriidae,Eimeria6,Eimeria6_sp.,100,100,100,100,100,100,100,53,53,9,9
seq135,91.3,KC953858.1.1489_U,18S_rRNA,nucleus,,Eukaryota,Metamonada,Metamonada,Parabasalia,Tritrichomonadea,Tritrichomonadida,Simplicimonadidae,Simplicimonas,Simplicimonas_similis,AGCTCTGCGAGTTTGCTCCCATATTGTTGCAGTTAAAACGCCCGTAGTCGGAGTTGCCGTTTTTCGGCGTGTGTGCTTCGGCACGTTCACTGTGAACAAATCAGGACGCTTAGTGTATGGATTCAGGAATGACTCAGCGCAGTATGATATCTTTACTCACCAAGTAAGGTCAATGAGAGCCATCGGGGGTAGATCTATTCCATGGCGAGCGGTGGAATGCTTTGACCCATGGGAGAGAAACGAAGGCGAAGGCATCTACCAAGAGGGTTTCTG,Eukaryota,Excavata,Metamonada,Parabasalia,Tritrichomonadea,Tritrichomonadida,Simplicimonadidae,Simplicimonas,Simplicimonas_similis,100,100,100,100,89,89,89,89,84,9,9
seq141,76.9,AY919792.1.1726_U,18S_rRNA,nucleus,clone_LG32-03,Eukaryota,Alveolata,Alveolata,Chrompodellids,Colpodellidea,Colpodellida,Colpodellida_CHR1,Colpodellida_CHR1_X,Colpodellida_CHR1_X_sp.,AGCTCCAATAGCGTATATTAAAGTTGTTGCAGTTAAAACGCTCGTAGTTGGACTTCTGTCCGGGTGCTGTTCTCCGCCGTAAGGCGTGTAGATCAATACCTCGACATCCGTTCGTTTGAGCTTCTTGCTCTTTCGAACTCTTTACTTTGAGAAAATTAGAATGTTTCAAGTAGGCTTTCGCCTGAATACTACAGCATGGAATAATAAGATAGGACTCTGGTTCCTTCTTGTTGGTTCTTAGAACTAGAGTAATGGTTAATAGGGACAGTCGGGGGCATTCGTATTCTACCGTTAGAGGTGAAATTCTTGGATCGGTTGAAGACGAACAACTGCGAAAGCATCTGCCAAGGATGTACTCA,Eukaryota,Obazoa,Opisthokonta,Metazoa,Arthropoda,Crustacea,Branchiopoda,Caenestheria,Caenestheria_lutraria,98,55,55,55,11,5,2,1,1,8,8
seq142,99.0,AJ431572.1.1716_U,18S_rRNA,nucleus,strain_SAG_35.83,Eukaryota,Archaeplastida,Chlorophyta,Chlorophyta_X,Trebouxiophyceae,Prasiolales,Prasiolales_X,Desmococcus,Desmococcus_olivaceus,AGCTCCAATAGCGTATATTTAAGTTGCTGCAGTTAAAAAGCTCGTAGTTGGATTTCGGATGGGTACCGTCGGTCCGCCGTTTCGGTGTGTTACTGGCGGCGCCCATCTTGCTGTCGGGGACGGGCTCCTGGGCTTAACTGTCCGGGACTCGGAGTCGACGAGGTTACTTTGAGTAAATTAGAGTGTTCAAAGCAGGCCTACGCTCTGAATACATTAGCATGGAATAACACGATAGGACTCTGGCCTATCTTGTTGGTCTGTAGGACCGGAGTAATGATTAAGAGGGACAGTCGGGGGCATTCGTATTTCATTGTCAGAGGTGAAATTCTTGGATTTATGAAAGACGAACTACTGCGAAAGCATTTGCCAAGGATGTTTTCA,Eukaryota,Archaeplastida,Chlorophyta,Chlorophyta_X,Trebouxiophyceae,Prasiolales,Prasiolales_X,Prasiolales_XX,Prasiolales_XX_sp.,100,100,100,100,100,100,100,63,63,8,8
seq144,98.0,EF586127.1.796_U,18S_rRNA,nucleus,clone_121-O29,Eukaryota,Alveolata,Alveolata,Apicomplexa,Gregarinomorphea,Eugregarinorida,Gregarinidae,Leidyana1,Leidyana1_sp.,AGCTCCAATAGCGTATATTAAAATTGCTGCAGTTAAAGCGTCCGTAGTTGAATTTCGTTCAAATTGAATAGTGCCGAGTTTTCCTCGTGTTAATTCGAGTACTTTTTGATTAGAACTTGGGTGAGATGTACTCGTTTCGACGAGTTCGTTTCGCTCCGTTACTTTGAGCAAATTGGAGTGCTCCAACCAGGCTTAAGCTTGAACAGCTCAGCATGGAATAACAAGATAAGACTTTAGTTCTTCTTGTTGGTGACATGAACTAATAGTAATGGTTGATAAGGACATACGGGGGCATTTGTACTTGCTGGAGAGAGGTGAAATTCTAAGACCCAGCAAAGACAAACAAGTGCGAAAGCATTTGCCCAGTATGTACCTGTTAA,Eukaryota,TSAR,Alveolata,Apicomplexa,Gregarinomorphea,Eugregarinorida,Gregarinidae,Leidyana1,Leidyana1_sp.,100,100,100,100,100,100,100,87,76,7,7
seq145,97.2,MG775599.1.1357_U,18S_rRNA,nucleus,strain_SF33_R_Tri,Eukaryota,Rhizaria,Rhizaria,Cercozoa,Filosa-Sarcomonadea,Cercomonadida,Cercomonadidae,Neocercomonas,Neocercomonas_sp.,AGCTCCAATAGCGTATATTAAAATTGTTGCAGTTAAAAAGCTCGTAGTTGGATTTCTGGTATGGCGCACTTGGCCCGCCGAGGTTTCTCGGTCGTGTGCCGGTGTGCGCCTGCCATCCTTCTGGGGAACGGCCTTGCCCTTCACTGGGTGGAGGTCGGTATCCAGATCTTTTACTTTGAAAAAATTAGAGTGTTTAAAGCAGGCTTGCGCTATGAATACATTAGCATGGAATAATAATTTAGGACTTTGGTCTTATTTTGTTGGTTTCTAGGACTAAAGTAATGATTGATAGGGACAGTTGGGGGTGCTAGTATTCAGCGGCCAGAGGTGAAATTCTTGGATTCGCTGAAGACTAACTTATGCGAAAGCATTCACCAAGGATGTCTTCT,Eukaryota,TSAR,Rhizaria,Cercozoa,Filosa-Sarcomonadea,Cercomonadida,Cercomonadidae,Neocercomonas,Neocercomonas_jutlandica,100,100,100,100,100,100,100,49,21,7,7
seq146,99.2,AM114805.1.2266_U,18S_rRNA,nucleus,clone_WIM47,Eukaryota,Rhizaria,Rhizaria,Cercozoa,Filosa-Sarcomonadea,Glissomonadida,Sandonidae,Sandona,Sandona_sp.,AGCTCCAATAGCGTATATTAAAGTTGCTGCAGTTAAAAAGCTCGTAGTTGGATTTCTGGACTGAAGCATTTTGCCGGCCGCGGTTTCGCGTGTTAGTGCTTGATGCTCTGTCCATCCTTCCAATCGCTATTGGCTATTCTTCATTGAATGGTCAGTAGTATTGGATCTTTTACTTTGAAAAAATTAGAGTGTTTCAAGCAGGCTTTATGCTATGAATACATTAGCATGGAATAATAATTTAGGACTTCGGTTCTATTTTGTTGGTTTCTAGGACTGAAGTAATGATTGATAGGGATAGTTGGGGGTGCTAGTATTCAGCGGCCAGAGGTGAAATTCTCGGATTCGCTGAAGACTAACTTATGCGAAAGCATTCACCAAGGATGTCTTCT,Eukaryota,TSAR,Rhizaria,Cercozoa,Filosa-Sarcomonadea,Glissomonadida,Sandonidae,Sandona,Sandona_sp.,100,100,100,100,100,100,100,100,100,7,7
seq147,98.4,EF024854.1.1760_U,18S_rRNA,nucleus,clone_Elev_18S_1374,Eukaryota,Alveolata,Alveolata,Apicomplexa,Gregarinomorphea,Neogregarinorida,Actinocephalidae,Monocystis,Monocystis_sp.,AGCTCCAATAGCGTATATTAAAGTTGTTGCAGTTAAAACGCTCGTAGTTGAAACTTTGGTAGTAATAATGGGTTATCTCTTTGAGTATGTACCTATTGTTACTACCATTATTCCGATCTATACAAGGGGTAATTCCCTTGTGTTCTCGGAACTGTTACTTTGAGAAAATTAGAGTGTTTCAAGCAGGCGTGATGCTTTGAATACTCCAGCATGGAATGACAACAAAGGACTCAGCGCCTTCTTGTTGGTTTAAGGAGTTGAGTAATGATTAAGAGGAGCAGTCGGGGGTATTCGTATTCAGTCGTTAGAGGTGAAATTCTTAGATTGACTAAAGACGAACTACTGCGAAGGCATCTACCATGGATGTTTTCA,Eukaryota,TSAR,Alveolata,Apicomplexa,Gregarinomorphea,Neogregarinorida,Actinocephalidae,Monocystis,Monocystis_sp.,100,100,100,100,100,100,100,100,100,7,7
seq148,90.6,EF024854.1.1760_U,18S_rRNA,nucleus,clone_Elev_18S_1374,Eukaryota,Alveolata,Alveolata,Apicomplexa,Gregarinomorphea,Neogregarinorida,Actinocephalidae,Monocystis,Monocystis_sp.,AGCTCCAATAGCGTATATTAAAGTTGTTGCAGTTAAAACGCTCGTAGTTGAAATTGTGGTAATAACAATGAATCATCTTTAACGAGCATGCACTTATTGTTGTTGCCATTATTCCGGTATATGCAGGGTAACCTGTATATTCGGAACTGTTACTTTGAGAAAATTAGAGTGTTTCAAGCAGGCGTAATGCTTTGAATACTCCAGCATGGAATGACAACAAAGGACTCAAGTCTTTCTTGTTGGTTTAAGGAGTTGAGTAATGATTAAGAGGAACAGTCGGGGGTATTTGTATTCAGTCGCTAGAGGTGAAATTCTTAGATTGACTGAAGACGAACTACTGCGAAGGCATCTACCATGGATGTTTTCA,Eukaryota,TSAR,Alveolata,Apicomplexa,Gregarinomorphea,Neogregarinorida,Actinocephalidae,Syncystis,Syncystis_mirabilis,100,99,96,96,96,96,96,51,51,7,7
seq159,98.7,AY124366.1.737_U,18S_rRNA,nucleus,clone_CSE28,Eukaryota,Alveolata,Alveolata,Ciliophora,Litostomatea,Litostomatea_X,Litostomatea_XX,Litostomatea_XXX,Litostomatea_XXX_sp.,AGCTCCAATAGCGTATATTAAAGTTGTTGCAGTTAAAAAGCTCGTAGTTGGATTTCAAGGGTCGCATCGGGGACAACCCGCATGCTCCCTACCAGTCTTAGACTGTTACTGTGAGAAAATTAGAGTGTTTCAAGCAGGCTGTTGCAGGAATACATTAGCATGGAATAACGAATGTGTCTAGAATCTTGGTTAATTCTAGATTACGATTAATAGGGACAGTTGGGGGCATTAGTATTTAATTGTCAGAGGTGAAATTCTTGGATTTGTTAAAGACTAACGTATGCGAAAGCATTTGCCAAGGATGTTTTCA,Eukaryota,TSAR,Alveolata,Ciliophora,Litostomatea,Litostomatea_X,Litostomatea_XX,Litostomatea_XXX,Litostomatea_XXX_sp.,100,100,100,100,100,98,98,78,78,6,6
seq161,99.2,MZ558750.1.2453_U,18S_rRNA,nucleus,clone_,Eukaryota,Archaeplastida,Chlorophyta,Chlorophyta_X,Trebouxiophyceae,Watanabea-Clade,Watanabea-Clade_X,Chloroidium,Chloroidium_orientale,AGCTCCAATAGCGTATATTTAAGTTGTTGCAGTTAAAAAGCTCGTAGTTGGATTTCGGGCGGGGCCTGCCGGTCCGCCTCTGGTGTGCACTGGCATGGGCTCGCCTCGCTGTCGGGGACGGGCTCCTGGGCTTCACTGTCCGGGACTCGGAGTCGACGAGGTTACTTTGAGTAAATTAGAGTGTTCAAAGCAGGCCTACGCTCTGAATACGTTAGCATGGAATAACACGATAGGACTCTGGCCTATCTTGTTGGTCTGTGGGACCGGAGTAATGATTAAGAGGGACGGTCGGGGGCATTCGTATTTCGTTGTCAGAGGTGAAATTCTTGGATTTATGAAAGACGAACAACTGCGAAAGCATTTGCCAAGGATGTTTTCA,Eukaryota,Archaeplastida,Chlorophyta,Chlorophyta_X,Trebouxiophyceae,Watanabea-Clade,Watanabea-Clade_X,Chloroidium,Chloroidium_sp.,100,100,100,100,99,99,99,99,34,6,6
seq167,93.9,JN635482.1.1281_U,18S_rRNA,nucleus,clone_hay20,Eukaryota,Rhizaria,Rhizaria,Cercozoa,Filosa-Sarcomonadea,Glissomonadida,Glissomonadida_X,Glissomonadida_XX,Glissomonadida_XX_sp.,AGCTCCAATAGCGTATATTAAAGTTGCTGCTGTTAAAAAGCTCGTAGTTGGATTTCTGATATAATATTACTGTCCCGCTGTGGTTACACATGTGAGTGACGGATAATATTTATCTGTTTTGTGTTTTTTGTTTTGATAGTATGTAAATATTATCAAAAACATACACATCTTTTACTTTGAACAAATTAGAGTGTTTCAAGCAGGCATTTATGCCTTGAATACATGAGCATGGAATAATCATCGAGGACTTTTAGTTCTATGTTGATTGGTTCTAGAACTATAGTAATGATGGATAGGGATAGTTGGGGGTGCTAGTATTCCGAGGCCAGAGGTGAAATTCTTGGATTCTCGGAAGACTCACTTAGGCGAAAGCATTCACCAAGGATGTCTTCA,Eukaryota,TSAR,Rhizaria,Cercozoa,Filosa-Sarcomonadea,Glissomonadida,Glissomonadida_X,Glissomonadida_XX,Glissomonadida_XX_sp.,100,100,100,100,100,100,99,99,99,5,5
seq173,100.0,EU709208.1.1193_U,18S_rRNA,nucleus,clone_,Eukaryota,Rhizaria,Rhizaria,Cercozoa,Filosa-Sarcomonadea,Glissomonadida,Sandonidae,Sandonidae_X,Sandonidae_X_sp.,AGCTCCAATAGCGTATATTAAAGTTGCTGCAGTTAAAAAGCTCGTAGTTGGATTTCTGGCTTGAAACATTTGGCCGGCCACGGTTTCGTGTGTTAGTGCTTTGTGTTCTGGCCATCCTTCCAATCGCTGCGTGCTTTTCTTCATTGATTAGTGCGTGGTATTGGATCTTTTACTTTGAAAAAATTAGAGTGTTTCAAGCAGGCTTTATGCTATGAATACATTAGCATGGAATAATAATTTAGGACTTCGGTTCTATTTTGTTGGTTTCTAGGACTGAAGTAATGATTGATAGGGATAGTTGGGGGTGCTAGTATTCAGCGGCCAGAGGTGAAATTCTCGGATTCGCTGAAGACTAACTTATGCGAAAGCATTCACCAAGGATGTCTTCT,Eukaryota,TSAR,Rhizaria,Cercozoa,Filosa-Sarcomonadea,Glissomonadida,Sandonidae,Sandonidae_X,Sandonidae_X_sp.,100,100,100,100,100,100,100,63,63,4,4
seq176,96.0,EF468654.1.1782_U,18S_rRNA,nucleus,strain_HC06-28,Eukaryota,Stramenopiles,Stramenopiles,Bigyra,Opalozoa,Opalinata,Blastocystis-Group,Blastocystis,Blastocystis_hominis,AGCTCCAATAGCGTATATTAACGTTGTTGCAGTTAAAAAGCTCGTAGTTGAAATGTGGGATGAAGTATATAATGAATTTCTAATTCAATTGTATATTGATTCCCCTCTCCAATTTATTATTATGGGTATTAATTTATTTGTAATAAGAATTGGTCATTTACTGTGAGAAAATTAGAGTGTTCAAAGCAGGCATTTGCTTGAATAGATTAGCATGGAATAATAGTAAAAGGCTTTTATGGTGCTTAATTGGTTTAATCATAGAAGCAAGATTAAAAGGAACAGTTGGGGGTATTCATATTCAATAGTTAGAGGTGAAATTCTCGGATTTATGGAAGATGAACTAGTGCGAAAGCATTTACCAAGGATGTTTTCA,Eukaryota,TSAR,Stramenopiles,Bigyra,Opalozoa,Opalinata,Blastocystis-Group,Blastocystis,Blastocystis_sp.,100,99,99,96,96,96,96,89,70,4,4
seq178,96.9,AB757862.1.1584_U,18S_rRNA,nucleus,,Eukaryota,Alveolata,Alveolata,Apicomplexa,Coccidiomorphea,Eimeriida,Eimeriidae,Isospora,Isospora_sp.,AGCTCCAATAGTGTATATTAGAGTTGTTGCAGTTAAAAAGCTCGTAGTTGGATTTCTGTCGGGGTCTTCGGGTGCCGCCCGTATGGGTGCGCGTCTAGTTAGACCTCGGCTTTCTTCCGGTAGCCTTCCGCGCTTAATTGCGTGTGTTGGTGTTTCGGAACTTTTACTTTGAGAAAAATAGAGTGTTTCAAGCAGGCTTGTCGCCCTGAATACTTCAGCATGGAATAATAAGATAGGACCTTGGTTCTATTTTGTTGGTTTCTAGGACCAAGGTAATGATTAATAGGGACAGTTGGGGGCATTCGTATTTAACTGTCAGAGGTGAAATTCTTAGATTTGTTAAAGACGAACTACTGCGAAAGCATTTGCCAAGGATGTTTTCA,Eukaryota,TSAR,Alveolata,Apicomplexa,Coccidiomorphea,Eimeriida,Eimeriidae,Eimeria6,Eimeria6_sp.,100,100,100,100,100,100,100,31,30,4,4
seq181,98.7,EU709173.71.1479_U,18S_rRNA,nucleus,,Eukaryota,Rhizaria,Rhizaria,Cercozoa,Filosa-Sarcomonadea,Glissomonadida,Sandonidae,Sandona,Sandona_sp.,AGCTCCAATAGCGTATATTAAAGTTGCTGCAGTTAAAAAGCTCGTAGTTGGATTTCTGGCTTGAAACATTTTGCCGGCCACGGTTTCGTGTGTTAGTGCTTGATGTTCTGGCCATCCTTCCAATCGCTATCGGCTGCTCTTCATTGAGCGGTCGGTAGTATTGGATCTTTTACTTTGAAAAAATTAGAGTGTTTCAAGCAGGCTTTATGCTATGAATACATTAGCATGGAATAATAATTTAGGACTTCGGTTCTATTTTGTTGGTTTCTAGGACTGAAGTAATGATTGATAGGGATAGTTGGGGGTGCTAGTATTCAGCGGCCAGAGGTGAAATTCTCGGATTCGCTGAAGACTAACTTATGCGAAAGCATTCACCAAGGATGTCTTCT,Eukaryota,TSAR,Rhizaria,Cercozoa,Filosa-Sarcomonadea,Glissomonadida,Sandonidae,Sandona,Sandona_sp.,100,100,100,100,100,100,99,88,85,3,3
seq182,98.9,JN635479.1.1258_U,18S_rRNA,nucleus,clone_hay11,Eukaryota,Alveolata,Alveolata,Ciliophora,Colpodea,Colpodea_X,Colpodida,Colpodida_X,Colpodida_X_sp.,AGCTCCAATAGCGTATATTAAAGTTGTTGCAGTTAAAAAGCTCGTAGTTGAATTTCTGGTCAGCGCTGTTCTTGGCTCTCTGAGTCGGCTCAGTGTTTGGTCATCCGTATGGGAAGCTAGCTCGGCCTTCACTGGTCGGCTAGTGGATCATACACTTTACTTTGAAAAAATTAGAGTGTTTCAGGCAGGCAATTGCTTGGATACTTCAGCATGGAATAATGGAATAGGACTTTGACCTATTTGTTGGTTTCTTCGAGGTCAAGGTAATGATTAATAGGGACAGTTGGGGGCATTCATATTTAATTGTCAGAGGTGAAATTCTTGGATTTATTAAAGATGAACTTATGCGAAAGCATTTGCCAAGGATGTTTTCATTAA,Eukaryota,TSAR,Alveolata,Ciliophora,Colpodea,Colpodea_X,Colpodida,Pseudoplatyophrya,Pseudoplatyophrya_nana,100,100,100,100,100,100,100,49,49,3,3
seq186,100.0,EF468654.1.1782_U,18S_rRNA,nucleus,strain_HC06-28,Eukaryota,Stramenopiles,Stramenopiles,Bigyra,Opalozoa,Opalinata,Blastocystis-Group,Blastocystis,Blastocystis_hominis,AGCTCCAATAGCGTATATTAACGTTGTTGCAGTTAAAAAGCTCGTAGTTGAAATGTGGGATGATTGTTATGATGAATCTATGTATTCGATTATAATATGAATCCCCTCTCCAATTTATTATTATGGGTATTAATTTATTTGTAATAAGAATTGGTCATTTACTGTGAGAAAATTAGAGTGTTCAAAGCAGGCATTTGCTTGAATAGATTAGCATGGAATAATAGTAAAAGGCTTTTATGGTGCTTAATTGGTTTAATCATAGAAGCAAGATTAAAAGGAACAGTTGGGGGTATTCATATTCAATAGTTAGAGGTGAAATTCTCGGATTTATGGAAGATGAACTAGTGCGAAAGCATTTACCAAGGATGTTTTCA,Eukaryota,TSAR,Stramenopiles,Bigyra,Opalozoa,Opalinata,Blastocystis-Group,Blastocystis,Blastocystis_hominis,100,98,97,97,97,97,97,95,46,3,3
seq194,99.5,EU709205.65.1542_U,18S_rRNA,nucleus,clone_,Eukaryota,Rhizaria,Rhizaria,Cercozoa,Filosa-Sarcomonadea,Glissomonadida,Sandonidae,Sandonidae_X,Sandonidae_X_sp.,AGCTCCAATAGCGTATATTAAAGTTGCTGCAGTTAAAAAGCTCGTAGTTGGATTTCTGGCTTGAAACATTAAGCCGGCCACGGTTTCGTGTGTTAGTGCTTGGTGTTCTGGCCATCCTTCCAATCGCTGCTGGCCTTTCTTCATTGATAGGTTGGTAGTATTGGATCTTTTACTTTGAAAAAATTAGAGTGTTTCAAGCAGGCTTTATGCTATGAATACATTAGCATGGAATAATAATTTAGGACTTCGGTTCTATTTTGTTGGTTTCTAGGACTGAAGTAATGATTGATAGGGATAGTTGGGGGTGCTAGTATTCAGCGGCCAGAGGTGAAATTCTCGGATTCGCTGAAGACTAACTTATGCGAAAGCATTCACCAAGGATGTCTTCT,Eukaryota,TSAR,Rhizaria,Cercozoa,Filosa-Sarcomonadea,Glissomonadida,Sandonidae,Sandonidae_X,Sandonidae_X_sp.,100,100,100,100,100,100,100,73,73,2,2
