seq2	AY321149.1.1455_U|18S_rRNA|nucleus|strain_T|Eukaryota|Excavata|Metamonada|Parabasalia|Trichomonadea|Honigbergiellida|Hexamastigidae|Hexamastix|Hexamastix_kirbyi	99.2	243	2	0	1	243	1	1455	-1	0
seq17	KC953858.1.1489_U|18S_rRNA|nucleus||Eukaryota|Excavata|Metamonada|Parabasalia|Tritrichomonadea|Tritrichomonadida|Simplicimonadidae|Simplicimonas|Simplicimonas_similis	92.0	274	16	3	1	269	1	1489	-1	0
seq22	KC953858.1.1489_U|18S_rRNA|nucleus||Eukaryota|Excavata|Metamonada|Parabasalia|Tritrichomonadea|Tritrichomonadida|Simplicimonadidae|Simplicimonas|Simplicimonas_similis	95.3	275	11	2	1	275	1	1489	-1	0
seq21	AF129862.1.1457_U|16S_rRNA||clone_CA26|Bacteria|Terrabacteria|Firmicutes|Firmicutes_X|Clostridia|Clostridiales|Ruminococcaceae|Ruminococcaceae_NK4A214_group|Ruminococcaceae_NK4A214_group_sp.	90.1	374	37	0	1	374	1	1454	-1	0
seq11	KC790327.1.507_U|18S_rRNA|nucleus|strain_318|Eukaryota|Obazoa|Opisthokonta|Fungi|Ascomycota|Saccharomycotina|Saccharomycetales|Saccharomyces|Saccharomyces_cerevisiae	100.0	379	0	0	1	379	1	507	-1	0
seq19	AJ400267.1.1500_U|16S_rRNA||clone_F8|Bacteria|FCB|Bacteroidetes|Bacteroidetes_X|Bacteroidia|Bacteroidales|Muribaculaceae|Muribaculaceae_X|Muribaculaceae_X_sp.	89.8	374	37	1	1	374	1	1461	-1	0
seq4	FN598332.1.1143_U|18S_rRNA|nucleus|clone_BS12_C1|Eukaryota|Archaeplastida|Streptophyta|Streptophyta_X|Embryophyceae|Embryophyceae_X|Embryophyceae_XX|Embryophyceae_XXX|Embryophyceae_XXX_sp.	100.0	380	0	0	1	380	1	1143	-1	0
seq15	AB453313.1.1235_U|18S_rRNA|nucleus||Eukaryota|Obazoa|Opisthokonta|Metazoa|Nematoda|Chromadorea|Chromadorea_X|Strongyloides|Strongyloides_myopotami	100.0	350	0	0	1	350	1	1235	-1	0
seq8	AF168844.1.1745_U|18S_rRNA|nucleus|specimen_Hahn_7227,_WIS|Eukaryota|Archaeplastida|Streptophyta|Streptophyta_X|Embryophyceae|Embryophyceae_X|Embryophyceae_XX|Festuca|Festuca_rubra	99.2	380	3	0	1	380	1	1745	-1	0
seq12	HF586907.1.1829_U|18S_rRNA|nucleus|strain_Tm1|Eukaryota|Obazoa|Opisthokonta|Metazoa|Nematoda|Enoplea|Enoplea_X|Trichuris|Trichuris_muris	96.6	386	12	1	1	386	1	1829	-1	0
seq13	HF586907.1.1829_U|18S_rRNA|nucleus|strain_Tm1|Eukaryota|Obazoa|Opisthokonta|Metazoa|Nematoda|Enoplea|Enoplea_X|Trichuris|Trichuris_muris	96.6	386	12	1	1	386	1	1829	-1	0
seq6	AF168844.1.1745_U|18S_rRNA|nucleus|specimen_Hahn_7227,_WIS|Eukaryota|Archaeplastida|Streptophyta|Streptophyta_X|Embryophyceae|Embryophyceae_X|Embryophyceae_XX|Festuca|Festuca_rubra	100.0	380	0	0	1	380	1	1745	-1	0
seq7	AY212772.1.1503_U|16S_rRNA||clone_wet70|Bacteria|Terrabacteria|Firmicutes|Firmicutes_X|Clostridia|Clostridiales|Ruminococcaceae|Ruminococcaceae_UCG005|Ruminococcaceae_UCG005_sp.	94.7	374	20	0	1	374	1	1434	-1	0
seq14	AJ236046.1.1766_U|18S_rRNA|nucleus||Eukaryota|Archaeplastida|Streptophyta|Streptophyta_X|Embryophyceae|Embryophyceae_X|Embryophyceae_XX|Plantago|Plantago_lanceolata	100.0	380	0	0	1	380	1	1745	-1	0
seq25	EU091849.1.1430_U|18S_rRNA|nucleus|clone_P2-3m2|Eukaryota|Archaeplastida|Chlorophyta|Chlorophyta_X|Trebouxiophyceae|Watanabea-Clade|Watanabea-Clade_X|Watanabea-Clade_XX|Watanabea-Clade_XX_sp.	100.0	379	0	0	1	379	1	1430	-1	0
seq3	GQ352558.1.1816_U|18S_rRNA|nucleus||Eukaryota|Obazoa|Opisthokonta|Metazoa|Nematoda|Enoplea|Enoplea_X|Trichuris|Trichuris_vulpis	96.1	386	14	1	1	386	1	1816	-1	0
seq1	RDQT01000029.10.1006_U|16S_rRNA||strain_LYJ002|Bacteria|Terrabacteria|Firmicutes|Firmicutes_X|Bacilli|Bacillales|Staphylococcaceae|Staphylococcus|Staphylococcus_aureus	100.0	387	0	0	1	387	1	997	-1	0
seq5	AF129862.1.1457_U|16S_rRNA||clone_CA26|Bacteria|Terrabacteria|Firmicutes|Firmicutes_X|Clostridia|Clostridiales|Ruminococcaceae|Ruminococcaceae_NK4A214_group|Ruminococcaceae_NK4A214_group_sp.	90.4	374	36	0	1	374	1	1454	-1	0
seq9	KC876030.20981.22849_U|18S_rRNA|nucleus|clone_LA13_165F6|Eukaryota|Obazoa|Opisthokonta|Metazoa|Craniata|Craniata_X|Mammalia|Homo|Homo_sapiens	100.0	387	0	0	1	387	1	1869	-1	0
seq20	AJ400267.1.1500_U|16S_rRNA||clone_F8|Bacteria|FCB|Bacteroidetes|Bacteroidetes_X|Bacteroidia|Bacteroidales|Muribaculaceae|Muribaculaceae_X|Muribaculaceae_X_sp.	88.5	374	42	1	1	374	1	1461	-1	0
seq38	KC953859.1.1483_U|18S_rRNA|nucleus||Eukaryota|Excavata|Metamonada|Parabasalia|Tritrichomonadea|Tritrichomonadida|Simplicimonadidae|Simplicimonas|Simplicimonas_similis	90.9	275	21	1	1	275	1	1483	-1	0
seq18	AY548930.1.1487_U|16S_rRNA||clone_1-1|Bacteria|FCB|Bacteroidetes|Bacteroidetes_X|Bacteroidia|Sphingobacteriales|Lentimicrobiaceae|Lentimicrobiaceae_X|Lentimicrobiaceae_X_sp.	84.4	371	58	0	1	371	1	1444	-1	0
seq43	KC953858.1.1489_U|18S_rRNA|nucleus||Eukaryota|Excavata|Metamonada|Parabasalia|Tritrichomonadea|Tritrichomonadida|Simplicimonadidae|Simplicimonas|Simplicimonas_similis	90.8	273	25	0	1	273	1	1489	-1	0
seq16	U02969.1.1039_U|18S_rRNA|nucleus|clone_YEpT7R1.0Xho|Eukaryota|Obazoa|Opisthokonta|Fungi|Ascomycota|Saccharomycotina|Saccharomycetales|Saccharomyces|Saccharomyces_cerevisiae	100.0	379	0	0	1	379	1	1039	-1	0
seq23	HF586907.1.1829_U|18S_rRNA|nucleus|strain_Tm1|Eukaryota|Obazoa|Opisthokonta|Metazoa|Nematoda|Enoplea|Enoplea_X|Trichuris|Trichuris_muris	95.6	386	16	1	1	386	1	1829	-1	0
seq35	KC953858.1.1489_U|18S_rRNA|nucleus||Eukaryota|Excavata|Metamonada|Parabasalia|Tritrichomonadea|Tritrichomonadida|Simplicimonadidae|Simplicimonas|Simplicimonas_similis	91.2	274	20	2	1	271	1	1489	-1	0
seq24	AY821994.1.1627_U|18S_rRNA|nucleus|clone_CV1_B1_42|Eukaryota|Obazoa|Opisthokonta|Fungi|Basidiomycota|Agaricomycotina|Tremellomycetes|Tremellomycetes_X|Tremellomycetes_X_sp.	100.0	380	0	0	1	380	1	1627	-1	0
seq29	FN598332.1.1143_U|18S_rRNA|nucleus|clone_BS12_C1|Eukaryota|Archaeplastida|Streptophyta|Streptophyta_X|Embryophyceae|Embryophyceae_X|Embryophyceae_XX|Embryophyceae_XXX|Embryophyceae_XXX_sp.	99.7	380	1	0	1	380	1	1143	-1	0
seq48	ABGB01001215.11.602_U|18S_rRNA|nucleus|strain_H348|Eukaryota|Obazoa|Opisthokonta|Fungi|Opisthosporidia|Microsporida|Microsporida_X|Enterocytozoon|Enterocytozoon_bieneusi	99.5	204	1	0	1	204	1	592	-1	0
seq33	AY730662.1.1484_U|16S_rRNA||clone_|Bacteria|Terrabacteria|Firmicutes|Firmicutes_X|Clostridia|Clostridiales|Ruminococcaceae|Flavonifractor|Flavonifractor_sp.	97.1	374	11	0	1	374	1	1453	-1	0
seq42	AY244968.1.1492_U|16S_rRNA||clone_BS14|Bacteria|FCB|Bacteroidetes|Bacteroidetes_X|Bacteroidia|Bacteroidales|Rikenellaceae|Rikenellaceae_RC9_gut_group|Rikenellaceae_RC9_gut_group_sp.	92.4	357	27	0	1	357	1	1446	-1	0
seq34	AF132250.1.1452_U|16S_rRNA||clone_adhufec236|Bacteria|Terrabacteria|Firmicutes|Firmicutes_X|Clostridia|Clostridiales|Lachnospiraceae|Lachnospiraceae_X|Lachnospiraceae_X_sp.	95.3	361	16	1	1	361	1	1451	-1	0
seq39	EU091877.1.1445_U|18S_rRNA|nucleus|clone_C1-3m4|Eukaryota|Obazoa|Opisthokonta|Fungi|Basidiomycota|Pucciniomycotina|Microbotryomycetes|Microbotryomycetes_X|Microbotryomycetes_X_sp.	100.0	382	0	0	1	382	1	1445	-1	0
seq30	AF168844.1.1745_U|18S_rRNA|nucleus|specimen_Hahn_7227,_WIS|Eukaryota|Archaeplastida|Streptophyta|Streptophyta_X|Embryophyceae|Embryophyceae_X|Embryophyceae_XX|Festuca|Festuca_rubra	99.7	380	1	0	1	380	1	1745	-1	0
seq32	AJ400267.1.1500_U|16S_rRNA||clone_F8|Bacteria|FCB|Bacteroidetes|Bacteroidetes_X|Bacteroidia|Bacteroidales|Muribaculaceae|Muribaculaceae_X|Muribaculaceae_X_sp.	90.1	374	36	1	1	374	1	1461	-1	0
seq27	CK163334.1.1076_U|18S_rRNA|nucleus||Eukaryota|Archaeplastida|Streptophyta|Streptophyta_X|Embryophyceae|Embryophyceae_X|Embryophyceae_XX|Triticum|Triticum_aestivum	100.0	380	0	0	1	380	1	1075	-1	0
seq10	MT991542.1.2393_U|18S_rRNA|nucleus|clone_|Eukaryota|Archaeplastida|Chlorophyta|Chlorophyta_X|Trebouxiophyceae|Watanabea-Clade|Watanabea-Clade_X|Chloroidium|Chloroidium_sp.	99.5	379	2	0	1	379	1	2393	-1	0
seq26	L24420.1.1764_U|18S_rRNA|nucleus||Eukaryota|Archaeplastida|Streptophyta|Streptophyta_X|Embryophyceae|Embryophyceae_X|Embryophyceae_XX|Spinacia|Spinacia_oleracea	96.6	380	13	0	1	380	1	1757	-1	0
seq41	EU154978.1.1268_U|18S_rRNA|nucleus|clone_HC8_BASS|Eukaryota|Obazoa|Opisthokonta|Fungi|Basidiomycota|Agaricomycotina|Tremellomycetes|Tremellomycetes_X|Tremellomycetes_X_sp.	100.0	380	0	0	1	380	1	1268	-1	0
seq44	GU972467.1.809_U|18S_rRNA|nucleus|clone_10_1F_18.b1.ab1|Eukaryota|Archaeplastida|Streptophyta|Streptophyta_X|Embryophyceae|Embryophyceae_X|Embryophyceae_XX|Embryophyceae_XXX|Embryophyceae_XXX_sp.	100.0	380	0	0	1	380	1	809	-1	0
seq52	AY244968.1.1492_U|16S_rRNA||clone_BS14|Bacteria|FCB|Bacteroidetes|Bacteroidetes_X|Bacteroidia|Bacteroidales|Rikenellaceae|Rikenellaceae_RC9_gut_group|Rikenellaceae_RC9_gut_group_sp.	93.3	371	25	0	1	371	1	1446	-1	0
seq31	MZ558750.1.2453_U|18S_rRNA|nucleus|clone_|Eukaryota|Archaeplastida|Chlorophyta|Chlorophyta_X|Trebouxiophyceae|Watanabea-Clade|Watanabea-Clade_X|Chloroidium|Chloroidium_orientale	100.0	379	0	0	1	379	1	2453	-1	0
seq36	FN598332.1.1143_U|18S_rRNA|nucleus|clone_BS12_C1|Eukaryota|Archaeplastida|Streptophyta|Streptophyta_X|Embryophyceae|Embryophyceae_X|Embryophyceae_XX|Embryophyceae_XXX|Embryophyceae_XXX_sp.	99.7	380	1	0	1	380	1	1143	-1	0
seq62	KC953859.1.1483_U|18S_rRNA|nucleus||Eukaryota|Excavata|Metamonada|Parabasalia|Tritrichomonadea|Tritrichomonadida|Simplicimonadidae|Simplicimonas|Simplicimonas_similis	90.4	272	25	1	1	272	1	1483	-1	0
seq51	KC953858.1.1489_U|18S_rRNA|nucleus||Eukaryota|Excavata|Metamonada|Parabasalia|Tritrichomonadea|Tritrichomonadida|Simplicimonadidae|Simplicimonas|Simplicimonas_similis	91.6	274	22	1	1	274	1	1489	-1	0
seq63	KC953858.1.1489_U|18S_rRNA|nucleus||Eukaryota|Excavata|Metamonada|Parabasalia|Tritrichomonadea|Tritrichomonadida|Simplicimonadidae|Simplicimonas|Simplicimonas_similis	90.1	274	26	1	1	274	1	1489	-1	0
seq28	DQ886365.1.1600_U|18S_rRNA|nucleus||Eukaryota|Archaeplastida|Streptophyta|Streptophyta_X|Embryophyceae|Embryophyceae_X|Embryophyceae_XX|Chamaebatia|Chamaebatia_foliolosa	99.7	379	1	0	1	379	1	1600	-1	0
seq40	L49287.1.1743_U|18S_rRNA|nucleus||Eukaryota|Archaeplastida|Streptophyta|Streptophyta_X|Embryophyceae|Embryophyceae_X|Embryophyceae_XX|Lamium|Lamium_amplexicaule	100.0	380	0	0	1	380	1	1743	-1	0
seq37	FJ820679.1.912_U|18S_rRNA|nucleus|clone_S191|Eukaryota|Obazoa|Opisthokonta|Fungi|Basidiomycota|Agaricomycotina|Tremellomycetes|Tremellomycetes_X|Tremellomycetes_X_sp.	100.0	380	0	0	1	380	1	912	-1	0
seq60	NGBS01000218.13865.15598_U|18S_rRNA|nucleus|strain_LA|Eukaryota|TSAR|Stramenopiles|Bigyra|Opalozoa|Opalinata|Proteromonadidae|Proteromonas|Proteromonas_lacertae	88.5	348	34	4	1	344	1	1734	-1	0
seq71	KC953859.1.1483_U|18S_rRNA|nucleus||Eukaryota|Excavata|Metamonada|Parabasalia|Tritrichomonadea|Tritrichomonadida|Simplicimonadidae|Simplicimonas|Simplicimonas_similis	91.2	272	23	1	1	272	1	1483	-1	0
seq54	KC953858.1.1489_U|18S_rRNA|nucleus||Eukaryota|Excavata|Metamonada|Parabasalia|Tritrichomonadea|Tritrichomonadida|Simplicimonadidae|Simplicimonas|Simplicimonas_similis	90.5	274	25	1	1	274	1	1489	-1	0
seq46	AF168844.1.1745_U|18S_rRNA|nucleus|specimen_Hahn_7227,_WIS|Eukaryota|Archaeplastida|Streptophyta|Streptophyta_X|Embryophyceae|Embryophyceae_X|Embryophyceae_XX|Festuca|Festuca_rubra	99.7	380	1	0	1	380	1	1745	-1	0
seq50	EU091868.1.1343_U|18S_rRNA|nucleus|clone_P4-3m8|Eukaryota|Obazoa|Opisthokonta|Fungi|Basidiomycota|Pucciniomycotina|Microbotryomycetes|Microbotryomycetes_X|Microbotryomycetes_X_sp.	100.0	382	0	0	1	382	1	1343	-1	0
seq57	AY212760.1.1508_U|16S_rRNA||clone_wet57|Bacteria|Terrabacteria|Firmicutes|Firmicutes_X|Clostridia|Clostridiales|Lachnospiraceae|Lachnospiraceae_NK4A136_group|Lachnospiraceae_NK4A136_group_sp.	91.4	360	31	0	1	360	1	1439	-1	0
seq66	DQ459618.1.841_U|18S_rRNA|nucleus||Eukaryota|Obazoa|Opisthokonta|Fungi|Basidiomycota|Agaricomycotina|Tremellomycetes|Cryptococcus|Cryptococcus_carnescens	100.0	380	0	0	1	380	1	841	-1	0
seq65	FN598332.1.1143_U|18S_rRNA|nucleus|clone_BS12_C1|Eukaryota|Archaeplastida|Streptophyta|Streptophyta_X|Embryophyceae|Embryophyceae_X|Embryophyceae_XX|Embryophyceae_XXX|Embryophyceae_XXX_sp.	99.5	380	2	0	1	380	1	1143	-1	0
seq68	AF168844.1.1745_U|18S_rRNA|nucleus|specimen_Hahn_7227,_WIS|Eukaryota|Archaeplastida|Streptophyta|Streptophyta_X|Embryophyceae|Embryophyceae_X|Embryophyceae_XX|Festuca|Festuca_rubra	99.7	380	1	0	1	380	1	1745	-1	0
seq78	FN598332.1.1143_U|18S_rRNA|nucleus|clone_BS12_C1|Eukaryota|Archaeplastida|Streptophyta|Streptophyta_X|Embryophyceae|Embryophyceae_X|Embryophyceae_XX|Embryophyceae_XXX|Embryophyceae_XXX_sp.	99.7	380	1	0	1	380	1	1143	-1	0
seq47	EU091849.1.1430_U|18S_rRNA|nucleus|clone_P2-3m2|Eukaryota|Archaeplastida|Chlorophyta|Chlorophyta_X|Trebouxiophyceae|Watanabea-Clade|Watanabea-Clade_X|Watanabea-Clade_XX|Watanabea-Clade_XX_sp.	99.5	379	2	0	1	379	1	1430	-1	0
seq74	AF168844.1.1745_U|18S_rRNA|nucleus|specimen_Hahn_7227,_WIS|Eukaryota|Archaeplastida|Streptophyta|Streptophyta_X|Embryophyceae|Embryophyceae_X|Embryophyceae_XX|Festuca|Festuca_rubra	99.2	380	3	0	1	380	1	1745	-1	0
seq72	FJ490216.1.935_U|18S_rRNA|nucleus|clone_C_47|Eukaryota|Obazoa|Opisthokonta|Fungi|Basidiomycota|Pucciniomycotina|Cystobasidiomycetes|Cystobasidiomycetes_X|Cystobasidiomycetes_X_sp.	98.7	383	5	0	1	383	1	935	-1	0
seq87	AF432140.1.1538_U|16S_rRNA||clone_FM046|Bacteria|Terrabacteria|Tenericutes|Tenericutes_X|Mollicutes|Mollicutes_RF39|Mollicutes_RF39_X|Mollicutes_RF39_XX|Mollicutes_RF39_XX_sp.	83.0	218	37	0	1	218	1	1498	-1	0
seq80	AB032627.1.1781_U|18S_rRNA|nucleus|strain_JCM_8974|Eukaryota|Obazoa|Opisthokonta|Fungi|Basidiomycota|Agaricomycotina|Tremellomycetes|Cryptococcus|Cryptococcus_dimennae	99.2	380	3	0	1	380	1	1781	-1	0
seq73	MF599080.1.1241_U|18S_rRNA|nucleus||Eukaryota|Obazoa|Opisthokonta|Metazoa|Nematoda|Chromadorea|Chromadorea_X|Miculenchus|Miculenchus_muscus	81.8	385	59	2	1	377	1	1241	-1	0
seq64	AANN01653944.1.1862_U|18S_rRNA|nucleus||Eukaryota|Obazoa|Opisthokonta|Metazoa|Craniata|Craniata_X|Mammalia|Erinaceus|Erinaceus_europaeus	96.1	387	15	0	1	387	1	1862	-1	0
seq82	FN598332.1.1143_U|18S_rRNA|nucleus|clone_BS12_C1|Eukaryota|Archaeplastida|Streptophyta|Streptophyta_X|Embryophyceae|Embryophyceae_X|Embryophyceae_XX|Embryophyceae_XXX|Embryophyceae_XXX_sp.	99.2	380	3	0	1	380	1	1143	-1	0
seq59	KF648870.1.1484_U|18S_rRNA|nucleus|strain_MTZ1|Eukaryota|TSAR|Alveolata|Apicomplexa|Coccidiomorphea|Eimeriida|Eimeriidae|Isospora|Isospora_sp.	97.4	383	10	0	1	383	1	1484	-1	0
seq85	KC953858.1.1489_U|18S_rRNA|nucleus||Eukaryota|Excavata|Metamonada|Parabasalia|Tritrichomonadea|Tritrichomonadida|Simplicimonadidae|Simplicimonas|Simplicimonas_similis	92.3	274	15	3	1	269	1	1489	-1	0
seq93	AY321149.1.1455_U|18S_rRNA|nucleus|strain_T|Eukaryota|Excavata|Metamonada|Parabasalia|Trichomonadea|Honigbergiellida|Hexamastigidae|Hexamastix|Hexamastix_kirbyi	97.9	243	5	0	1	243	1	1455	-1	0
seq49	DQ415278.1.1656_U|18S_rRNA|nucleus|strain_MCA2391|Eukaryota|Obazoa|Opisthokonta|Fungi|Basidiomycota|Pucciniomycotina|Pucciniomycetes|Puccinia|Puccinia_hordei	100.0	381	0	0	1	381	1	1656	-1	0
seq69	AF168844.1.1745_U|18S_rRNA|nucleus|specimen_Hahn_7227,_WIS|Eukaryota|Archaeplastida|Streptophyta|Streptophyta_X|Embryophyceae|Embryophyceae_X|Embryophyceae_XX|Festuca|Festuca_rubra	99.7	380	1	0	1	380	1	1745	-1	0
seq83	FJ592431.1.1083_U|18S_rRNA|nucleus|clone_E11_SE4A|Eukaryota|Archaeplastida|Streptophyta|Streptophyta_X|Embryophyceae|Embryophyceae_X|Embryophyceae_XX|Embryophyceae_XXX|Embryophyceae_XXX_sp.	99.7	380	1	0	1	380	1	1083	-1	0
seq75	AJ236055.1.1761_U|18S_rRNA|nucleus||Eukaryota|Archaeplastida|Streptophyta|Streptophyta_X|Embryophyceae|Embryophyceae_X|Embryophyceae_XX|Veronica|Veronica_anagallis-aquatica	99.5	380	2	0	1	380	1	1737	-1	0
seq53	FJ355409.1.1048_U|18S_rRNA|nucleus|clone_051102_S1_W_T_SDP18_098|Eukaryota|TSAR|Stramenopiles|Gyrista|Chrysophyceae|Ochromonadales|Ochromonadales_clade-XIII|Ochromonadales_clade-XIII_X|Ochromonadales_clade-XIII_X_sp.	94.2	381	19	2	1	378	1	1048	-1	0
seq56	FN598332.1.1143_U|18S_rRNA|nucleus|clone_BS12_C1|Eukaryota|Archaeplastida|Streptophyta|Streptophyta_X|Embryophyceae|Embryophyceae_X|Embryophyceae_XX|Embryophyceae_XXX|Embryophyceae_XXX_sp.	99.7	380	1	0	1	380	1	1143	-1	0
seq76	L24420.1.1764_U|18S_rRNA|nucleus||Eukaryota|Archaeplastida|Streptophyta|Streptophyta_X|Embryophyceae|Embryophyceae_X|Embryophyceae_XX|Spinacia|Spinacia_oleracea	96.1	380	15	0	1	380	1	1757	-1	0
seq77	JF703099.1.1644_U|18S_rRNA|nucleus||Eukaryota|Archaeplastida|Streptophyta|Streptophyta_X|Embryophyceae|Embryophyceae_X|Embryophyceae_XX|Apium|Apium_graveolens	99.5	381	1	1	1	380	1	1644	-1	0
seq90	DQ832220.1.1776_U|18S_rRNA|nucleus|strain_JAG_55|Eukaryota|Obazoa|Opisthokonta|Fungi|Basidiomycota|Pucciniomycotina|Microbotryomycetes|Sphacelotheca|Sphacelotheca_koordersiana	99.2	382	3	0	1	382	1	1776	-1	0
seq79	AB085801.1.1782_U|18S_rRNA|nucleus|strain_CBS_6578|Eukaryota|Obazoa|Opisthokonta|Fungi|Basidiomycota|Agaricomycotina|Tremellomycetes|Cryptococcus|Cryptococcus_sp.	100.0	380	0	0	1	380	1	1782	-1	0
seq70	HQ427487.1.1161_UC|18S_rRNA|nucleus|clone_RU06182008DF1|Eukaryota|Obazoa|Opisthokonta|Fungi|Basidiomycota|Agaricomycotina|Tremellomycetes|Tremellomycetes_X|Tremellomycetes_X_sp.	100.0	380	0	0	1	380	1	914	-1	0
seq81	AF071069.1.1760_U|18S_rRNA|nucleus||Eukaryota|Archaeplastida|Streptophyta|Streptophyta_X|Embryophyceae|Embryophyceae_X|Embryophyceae_XX|Trifolium|Trifolium_repens	100.0	379	0	0	1	379	1	1760	-1	0
seq91	JF703099.1.1644_U|18S_rRNA|nucleus||Eukaryota|Archaeplastida|Streptophyta|Streptophyta_X|Embryophyceae|Embryophyceae_X|Embryophyceae_XX|Apium|Apium_graveolens	99.7	381	0	1	1	380	1	1644	-1	0
seq94	AF168844.1.1745_U|18S_rRNA|nucleus|specimen_Hahn_7227,_WIS|Eukaryota|Archaeplastida|Streptophyta|Streptophyta_X|Embryophyceae|Embryophyceae_X|Embryophyceae_XX|Festuca|Festuca_rubra	99.5	380	2	0	1	380	1	1745	-1	0
seq88	Y15810.1.1761_U|18S_rRNA|nucleus|strain_CBS_1787|Eukaryota|Obazoa|Opisthokonta|Fungi|Ascomycota|Saccharomycotina|Saccharomycetales|Kazachstania|Kazachstania_telluris	100.0	381	0	0	1	381	1	1761	-1	0
seq98	AB695526.1.1759_U|18S_rRNA|nucleus|clone_MPE2-32|Eukaryota|TSAR|Rhizaria|Cercozoa|Filosa-Sarcomonadea|Glissomonadida|Allapsidae|Allapsidae_X|Allapsidae_X_sp.	100.0	388	0	0	1	388	1	1759	-1	0
seq96	FJ592322.1.1085_U|18S_rRNA|nucleus|clone_B06_SE1A|Eukaryota|Archaeplastida|Chlorophyta|Chlorophyta_X|Trebouxiophyceae|Prasiolales|Prasiolales_X|Prasiolales_XX|Prasiolales_XX_sp.	100.0	380	0	0	1	380	1	1085	-1	0
seq84	D31648.1.1781_U|18S_rRNA|nucleus|strain_JCM_2961|Eukaryota|Obazoa|Opisthokonta|Fungi|Basidiomycota|Agaricomycotina|Tremellomycetes|Dioszegia|Dioszegia_crocea	100.0	380	0	0	1	380	1	1781	-1	0
seq92	MZ067863.1.738_U|18S_rRNA|nucleus|strain_ACKU_309-4|Eukaryota|Archaeplastida|Chlorophyta|Chlorophyta_X|Chlorophyceae|Chlamydomonadales|Chlamydomonadales_X|Chlorosarcinopsis|Chlorosarcinopsis_bastropiensis	100.0	379	0	0	1	379	1	738	-1	0
seq117	AF432140.1.1538_U|16S_rRNA||clone_FM046|Bacteria|Terrabacteria|Tenericutes|Tenericutes_X|Mollicutes|Mollicutes_RF39|Mollicutes_RF39_X|Mollicutes_RF39_XX|Mollicutes_RF39_XX_sp.	78.5	214	46	0	1	214	1	1498	-1	0
seq102	U40810.1.1747_U|18S_rRNA|nucleus|strain_CBS_7331|Eukaryota|Obazoa|Opisthokonta|Fungi|Basidiomycota|Pucciniomycotina|Agaricostilbomycetes|Bensingtonia|Bensingtonia_yuccicola	99.2	388	3	0	1	388	1	1747	-1	0
seq106	FJ592430.1.1088_U|18S_rRNA|nucleus|clone_E08_SE4A|Eukaryota|Archaeplastida|Streptophyta|Streptophyta_X|Embryophyceae|Embryophyceae_X|Embryophyceae_XX|Embryophyceae_XXX|Embryophyceae_XXX_sp.	98.9	380	4	0	1	380	1	1088	-1	0
seq109	AY642700.1.1764_U|18S_rRNA|nucleus|clone_P34.42|Eukaryota|Obazoa|Opisthokonta|Fungi|Rozellomycota|Rozellomycota_X|Rozellomycota_XX|Rozellomycota_XXX|Rozellomycota_XXX_sp.	89.2	371	35	3	1	370	1	1764	-1	0
seq105	EU091862.1.1441_U|18S_rRNA|nucleus|clone_P4-3m2|Eukaryota|Obazoa|Opisthokonta|Fungi|Basidiomycota|Agaricomycotina|Tremellomycetes|Tremellomycetes_X|Tremellomycetes_X_sp.	99.5	380	2	0	1	380	1	1441	-1	0
seq95	DQ851582.1.1716_U|18S_rRNA|nucleus|strain_J130|Eukaryota|Obazoa|Opisthokonta|Fungi|Basidiomycota|Agaricomycotina|Agaricomycetes|Psathyrella|Psathyrella_gracilis	99.7	381	1	0	1	381	1	1716	-1	0
seq101	AF168844.1.1745_U|18S_rRNA|nucleus|specimen_Hahn_7227,_WIS|Eukaryota|Archaeplastida|Streptophyta|Streptophyta_X|Embryophyceae|Embryophyceae_X|Embryophyceae_XX|Festuca|Festuca_rubra	99.5	380	2	0	1	380	1	1745	-1	0
seq112	AY730662.1.1484_U|16S_rRNA||clone_|Bacteria|Terrabacteria|Firmicutes|Firmicutes_X|Clostridia|Clostridiales|Ruminococcaceae|Flavonifractor|Flavonifractor_sp.	97.1	374	11	0	1	374	1	1453	-1	0
seq113	EU087208.1.865_U|18S_rRNA|nucleus|clone_1_39|Eukaryota|TSAR|Alveolata|Apicomplexa|Gregarinomorphea|Eugregarinorida|Gregarinidae|Amoebogregarina|Amoebogregarina_sp.	84.5	367	52	3	1	367	1	865	-1	0
seq108	DQ388549.1.1646_U|18S_rRNA|nucleus||Eukaryota|TSAR|Stramenopiles|Gyrista|Chrysophyceae|Ochromonadales|Ochromonadaceae|Spumella|Spumella_vulgaris	100.0	383	0	0	1	383	1	1646	-1	0
seq115	KM020169.1.1775_U|18S_rRNA|nucleus||Eukaryota|Archaeplastida|Chlorophyta|Chlorophyta_X|Chlorophyceae|Chlamydomonadales|Coccomyxaceae|Coccomyxa|Coccomyxa_sp.	100.0	380	0	0	1	380	1	1775	-1	0
seq107	AY607851.1.1593_U|18S_rRNA|nucleus|specimen_Holz_&_Franzaring_CH_00-80_(NY)|Eukaryota|Archaeplastida|Streptophyta|Streptophyta_X|Embryophyceae|Embryophyceae_X|Embryophyceae_XX|Dendrohypopterygium|Dendrohypopterygium_arbuscula	100.0	383	0	0	1	383	1	1593	-1	0
seq104	EF200530.1.1708_U|18S_rRNA|nucleus||Eukaryota|Archaeplastida|Chlorophyta|Chlorophyta_X|Trebouxiophyceae|Prasiolales|Prasiolales_X|Prasiola|Prasiola_crispa	98.9	380	3	1	1	380	1	1708	-1	0
seq103	EF024471.1.1761_U|18S_rRNA|nucleus|clone_Elev_18S_1147|Eukaryota|TSAR|Alveolata|Apicomplexa|Gregarinomorphea|Neogregarinorida|Actinocephalidae|Monocystis|Monocystis_sp.	92.3	376	25	1	1	376	1	1761	-1	0
seq125	KC953858.1.1489_U|18S_rRNA|nucleus||Eukaryota|Excavata|Metamonada|Parabasalia|Tritrichomonadea|Tritrichomonadida|Simplicimonadidae|Simplicimonas|Simplicimonas_similis	90.5	274	25	1	1	274	1	1489	-1	0
seq100	EU091871.1.1443_U|18S_rRNA|nucleus|clone_P6-3m2|Eukaryota|Obazoa|Opisthokonta|Fungi|Basidiomycota|Pucciniomycotina|Microbotryomycetes|Microbotryomycetes_X|Microbotryomycetes_X_sp.	100.0	382	0	0	1	382	1	1443	-1	0
seq119	DQ886380.1.1647_U|18S_rRNA|nucleus||Eukaryota|Archaeplastida|Streptophyta|Streptophyta_X|Embryophyceae|Embryophyceae_X|Embryophyceae_XX|Rubus|Rubus_idaeus	100.0	380	0	0	1	380	1	1647	-1	0
seq116	X74000.1.2286_R|18S_rRNA|nucleus|strain_Andreyeva_748-I|Eukaryota|Archaeplastida|Chlorophyta|Chlorophyta_X|Trebouxiophyceae|Chlorellales|Chlorellales_X|Chlorella|Chlorella_mirabilis	100.0	380	0	0	1	380	1	1798	-1	0
seq118	EU709161.6.1494_U|18S_rRNA|nucleus|clone_|Eukaryota|TSAR|Rhizaria|Cercozoa|Filosa-Sarcomonadea|Glissomonadida|Sandonidae|Sandona|Sandona_sp.	100.0	389	0	0	1	389	1	1489	-1	0
seq124	AF206944.1.1735_U|18S_rRNA|nucleus||Eukaryota|Archaeplastida|Streptophyta|Streptophyta_X|Embryophyceae|Embryophyceae_X|Embryophyceae_XX|Juncus|Juncus_effusus	99.5	380	2	0	1	380	1	1735	-1	0
seq99	OM987996.1.1692_U|18S_rRNA|nucleus|strain_PHEM1|Eukaryota|Excavata|Metamonada|Fornicata|Fornicata_X|Fornicata_XX|Caviomonadidae|Iotanema|Iotanema_spirale	84.9	344	50	2	1	344	1	1692	-1	0
seq126	GU901855.1.1740_U|18S_rRNA|nucleus||Eukaryota|Obazoa|Opisthokonta|Metazoa|Annelida|Annelida_X|Annelida_XX|Achaeta|Achaeta_bifollicula	99.2	380	3	0	1	380	1	1740	-1	0
seq137	AY189313.1.1515_U|16S_rRNA||strain_LB-12|Bacteria|Terrabacteria|Tenericutes|Tenericutes_X|Mollicutes|Entomoplasmatales|Spiroplasmataceae|Spiroplasma|Spiroplasma_sp.	82.7	214	37	0	1	214	1	1441	-1	0
seq135	KC953858.1.1489_U|18S_rRNA|nucleus||Eukaryota|Excavata|Metamonada|Parabasalia|Tritrichomonadea|Tritrichomonadida|Simplicimonadidae|Simplicimonas|Simplicimonas_similis	91.3	275	20	2	1	273	1	1489	-1	0
seq127	EF024854.1.1760_U|18S_rRNA|nucleus|clone_Elev_18S_1374|Eukaryota|TSAR|Alveolata|Apicomplexa|Gregarinomorphea|Neogregarinorida|Actinocephalidae|Monocystis|Monocystis_sp.	90.8	371	29	3	1	367	1	1760	-1	0
seq120	EF023954.1.1792_U|18S_rRNA|nucleus|clone_Amb_18S_1419|Eukaryota|Archaeplastida|Streptophyta|Streptophyta_X|Embryophyceae|Embryophyceae_X|Embryophyceae_XX|Embryophyceae_XXX|Embryophyceae_XXX_sp.	99.7	380	1	0	1	380	1	1792	-1	0
seq132	JN573894.1.1681_U|18S_rRNA|nucleus||Eukaryota|Archaeplastida|Chlorophyta|Chlorophyta_X|Trebouxiophyceae|Watanabea-Clade|Watanabea-Clade_X|Diplosphaera|Diplosphaera_sp.	100.0	380	0	0	1	380	1	1681	-1	0
seq129	JQ941712.1.1035_U|18S_rRNA|nucleus||Eukaryota|Obazoa|Opisthokonta|Fungi|Ascomycota|Pezizomycotina|Laboulbeniomycetes|Hesperomyces|Hesperomyces_virescens	100.0	364	0	0	1	364	1	1035	-1	0
seq114	EU090188.1.1662_U|18S_rRNA|nucleus|strain_AFC_1|Eukaryota|Obazoa|Opisthokonta|Fungi|Basidiomycota|Pucciniomycotina|Cystobasidiomycetes|Rhodotorula|Rhodotorula_yarrowii	98.7	382	5	0	1	382	1	1662	-1	0
seq144	EF586127.1.796_U|18S_rRNA|nucleus|clone_121-O29|Eukaryota|TSAR|Alveolata|Apicomplexa|Gregarinomorphea|Eugregarinorida|Gregarinidae|Leidyana1|Leidyana1_sp.	98.0	306	6	0	1	380	1	796	-1	0
seq134	JQ993661.1.1396_U|18S_rRNA|nucleus||Eukaryota|TSAR|Alveolata|Apicomplexa|Coccidiomorphea|Eimeriida|Eimeriidae|Eimeria6|Eimeria6_sp.	99.2	383	3	0	1	383	1	1396	-1	0
seq133	FR693368.1.1633_U|18S_rRNA|nucleus||Eukaryota|Archaeplastida|Chlorophyta|Chlorophyta_X|Trebouxiophyceae|Watanabea-Clade|Watanabea-Clade_X|Apatococcus|Apatococcus_lobatus	100.0	380	0	0	1	380	1	1633	-1	0
seq130	AY884326.1.1078_U|18S_rRNA|nucleus|strain_CeS-2|Eukaryota|TSAR|Rhizaria|Cercozoa|Filosa-Sarcomonadea|Cercomonadida|Cercomonadidae|Cercomonas|Cercomonas_sp.	100.0	390	0	0	1	390	1	1078	-1	0
seq131	AJ579340.1.1732_U|18S_rRNA|nucleus|strain_SAG_30.83|Eukaryota|TSAR|Stramenopiles|Gyrista|Xanthophyceae|Xanthophyceae_X|Xanthophyceae_XX|Botrydiopsis|Botrydiopsis_callosa	100.0	396	0	0	1	396	1	1732	-1	0
seq110	OM987996.1.1692_U|18S_rRNA|nucleus|strain_PHEM1|Eukaryota|Excavata|Metamonada|Fornicata|Fornicata_X|Fornicata_XX|Caviomonadidae|Iotanema|Iotanema_spirale	87.8	344	39	2	1	343	1	1692	-1	0
seq140	AB032621.1.1783_UC|18S_rRNA|nucleus|strain_JCM_1775|Eukaryota|Obazoa|Opisthokonta|Fungi|Basidiomycota|Agaricomycotina|Agaricomycetes|Mrakiella|Mrakiella_aquatica	99.5	380	2	0	1	380	1	1513	-1	0
seq147	EF024854.1.1760_U|18S_rRNA|nucleus|clone_Elev_18S_1374|Eukaryota|TSAR|Alveolata|Apicomplexa|Gregarinomorphea|Neogregarinorida|Actinocephalidae|Monocystis|Monocystis_sp.	98.4	372	4	1	1	372	1	1760	-1	0
seq154	AF311292.1.1439_U|16S_rRNA||strain_WH_8018|Bacteria|CMS|Cyanobacteria|Cyanobacteria_X|Cyanophyceae|Synechococcales|Cyanobiaceae|Synechococcus_CC9902|Synechococcus_CC9902_sp.	77.2	219	49	1	1	218	1	1406	-1	0
seq145	MG775599.1.1357_U|18S_rRNA|nucleus|strain_SF33_R_Tri|Eukaryota|TSAR|Rhizaria|Cercozoa|Filosa-Sarcomonadea|Cercomonadida|Cercomonadidae|Neocercomonas|Neocercomonas_sp.	97.2	389	11	0	1	389	1	1357	-1	0
seq143	EF023318.1.1626_U|18S_rRNA|nucleus|clone_Amb_18S_635|Eukaryota|Archaeplastida|Streptophyta|Streptophyta_X|Embryophyceae|Embryophyceae_X|Embryophyceae_XX|Embryophyceae_XXX|Embryophyceae_XXX_sp.	100.0	380	0	0	1	380	1	1626	-1	0
seq141	AY919792.1.1726_U|18S_rRNA|nucleus|clone_LG32-03|Eukaryota|TSAR|Alveolata|Chrompodellids|Colpodellidea|Colpodellida|Colpodellida_CHR1|Colpodellida_CHR1_X|Colpodellida_CHR1_X_sp.	76.9	381	65	5	1	359	1	1726	-1	0
seq148	EF024854.1.1760_U|18S_rRNA|nucleus|clone_Elev_18S_1374|Eukaryota|TSAR|Alveolata|Apicomplexa|Gregarinomorphea|Neogregarinorida|Actinocephalidae|Monocystis|Monocystis_sp.	90.6	371	30	3	1	367	1	1760	-1	0
seq121	OM987996.1.1692_U|18S_rRNA|nucleus|strain_PHEM1|Eukaryota|Excavata|Metamonada|Fornicata|Fornicata_X|Fornicata_XX|Caviomonadidae|Iotanema|Iotanema_spirale	88.0	343	39	2	1	342	1	1692	-1	0
seq146	AM114805.1.2266_U|18S_rRNA|nucleus|clone_WIM47|Eukaryota|TSAR|Rhizaria|Cercozoa|Filosa-Sarcomonadea|Glissomonadida|Sandonidae|Sandona|Sandona_sp.	99.2	389	3	0	1	389	1	2266	-1	0
seq142	AJ431572.1.1716_U|18S_rRNA|nucleus|strain_SAG_35.83|Eukaryota|Archaeplastida|Chlorophyta|Chlorophyta_X|Trebouxiophyceae|Prasiolales|Prasiolales_X|Desmococcus|Desmococcus_olivaceus	99.0	381	3	1	1	381	1	1716	-1	0
seq159	AY124366.1.737_U|18S_rRNA|nucleus|clone_CSE28|Eukaryota|TSAR|Alveolata|Ciliophora|Litostomatea|Litostomatea_X|Litostomatea_XX|Litostomatea_XXX|Litostomatea_XXX_sp.	98.7	310	4	0	1	310	1	737	-1	0
seq157	HG796065.1.800_U|18S_rRNA|nucleus|clone_A1_18_43|Eukaryota|Obazoa|Opisthokonta|Fungi|Ascomycota|Saccharomycotina|Saccharomycetales|Saccharomycetales_X|Saccharomycetales_X_sp.	100.0	379	0	0	1	379	1	800	-1	0
seq164	AJ400267.1.1500_U|16S_rRNA||clone_F8|Bacteria|FCB|Bacteroidetes|Bacteroidetes_X|Bacteroidia|Bacteroidales|Muribaculaceae|Muribaculaceae_X|Muribaculaceae_X_sp.	91.4	374	31	1	1	374	1	1461	-1	0
seq171	AY189313.1.1515_U|16S_rRNA||strain_LB-12|Bacteria|Terrabacteria|Tenericutes|Tenericutes_X|Mollicutes|Entomoplasmatales|Spiroplasmataceae|Spiroplasma|Spiroplasma_sp.	82.7	214	37	0	1	214	1	1441	-1	0
seq158	HQ865510.1.886_U|18S_rRNA|nucleus|clone_SGSF770|Eukaryota|Obazoa|Opisthokonta|Fungi|Neocallimastigomycota|Neocallimastigomycota_X|Neocallimastigomycota_XX|Neocallimastigomycota_XXX|Neocallimastigomycota_XXX_sp.	87.7	390	39	3	1	384	1	886	-1	0
seq168	AF206852.1.1739_U|18S_rRNA|nucleus||Eukaryota|Archaeplastida|Streptophyta|Streptophyta_X|Embryophyceae|Embryophyceae_X|Embryophyceae_XX|Apium|Apium_graveolens	98.2	380	7	0	1	380	1	1739	-1	0
seq167	JN635482.1.1281_U|18S_rRNA|nucleus|clone_hay20|Eukaryota|TSAR|Rhizaria|Cercozoa|Filosa-Sarcomonadea|Glissomonadida|Glissomonadida_X|Glissomonadida_XX|Glissomonadida_XX_sp.	93.9	393	21	1	1	393	1	1281	-1	0
seq160	AF168844.1.1745_U|18S_rRNA|nucleus|specimen_Hahn_7227,_WIS|Eukaryota|Archaeplastida|Streptophyta|Streptophyta_X|Embryophyceae|Embryophyceae_X|Embryophyceae_XX|Festuca|Festuca_rubra	99.5	380	2	0	1	380	1	1745	-1	0
seq166	GU824996.1.1063_U|18S_rRNA|nucleus|clone_BCB5F13RM2C08|Eukaryota|Obazoa|Opisthokonta|Fungi|Ascomycota|Saccharomycotina|Saccharomycetales|Saccharomycetales_X|Saccharomycetales_X_sp.	100.0	373	0	0	1	373	1	1063	-1	0
seq173	EU709208.1.1193_U|18S_rRNA|nucleus|clone_|Eukaryota|TSAR|Rhizaria|Cercozoa|Filosa-Sarcomonadea|Glissomonadida|Sandonidae|Sandonidae_X|Sandonidae_X_sp.	100.0	389	0	0	1	389	1	1193	-1	0
seq174	JQ014042.1.996_U|18S_rRNA|nucleus|strain_FSU_9823|Eukaryota|Obazoa|Opisthokonta|Fungi|Mucoromycota|Mortierellaceae|Mortierellaceae_X|Mortierella|Mortierella_hyalina	99.7	380	1	0	1	380	1	996	-1	0
seq176	EF468654.1.1782_U|18S_rRNA|nucleus|strain_HC06-28|Eukaryota|TSAR|Stramenopiles|Bigyra|Opalozoa|Opalinata|Blastocystis-Group|Blastocystis|Blastocystis_hominis	96.0	374	14	1	1	373	1	1782	-1	0
seq175	EU090188.1.1662_U|18S_rRNA|nucleus|strain_AFC_1|Eukaryota|Obazoa|Opisthokonta|Fungi|Basidiomycota|Pucciniomycotina|Cystobasidiomycetes|Rhodotorula|Rhodotorula_yarrowii	99.2	382	3	0	1	382	1	1662	-1	0
seq177	MG076806.1.532_U|18S_rRNA|nucleus|strain_AGC1-24|Eukaryota|Obazoa|Opisthokonta|Fungi|Mucoromycota|Glomeromycotina|Paraglomus_family|Paraglomus|Paraglomus_sp.	99.7	379	1	0	1	379	1	532	-1	0
seq178	AB757862.1.1584_U|18S_rRNA|nucleus||Eukaryota|TSAR|Alveolata|Apicomplexa|Coccidiomorphea|Eimeriida|Eimeriidae|Isospora|Isospora_sp.	96.9	383	12	0	1	383	1	1584	-1	0
seq181	EU709173.71.1479_U|18S_rRNA|nucleus||Eukaryota|TSAR|Rhizaria|Cercozoa|Filosa-Sarcomonadea|Glissomonadida|Sandonidae|Sandona|Sandona_sp.	98.7	389	5	0	1	389	1	1409	-1	0
seq161	MZ558750.1.2453_U|18S_rRNA|nucleus|clone_|Eukaryota|Archaeplastida|Chlorophyta|Chlorophyta_X|Trebouxiophyceae|Watanabea-Clade|Watanabea-Clade_X|Chloroidium|Chloroidium_orientale	99.2	379	3	0	1	379	1	2453	-1	0
seq184	AB055193.1.1761_U|18S_rRNA|nucleus|strain_CBS8732|Eukaryota|Obazoa|Opisthokonta|Fungi|Basidiomycota|Pucciniomycotina|Cystobasidiomycetes|Occultifur|Occultifur_externus	99.7	383	1	0	1	383	1	1761	-1	0
seq182	JN635479.1.1258_U|18S_rRNA|nucleus|clone_hay11|Eukaryota|TSAR|Alveolata|Ciliophora|Colpodea|Colpodea_X|Colpodida|Colpodida_X|Colpodida_X_sp.	98.9	378	4	0	1	378	1	1258	-1	0
seq186	EF468654.1.1782_U|18S_rRNA|nucleus|strain_HC06-28|Eukaryota|TSAR|Stramenopiles|Bigyra|Opalozoa|Opalinata|Blastocystis-Group|Blastocystis|Blastocystis_hominis	100.0	374	0	0	1	374	1	1782	-1	0
seq185	MG589001.1.1014_U|18S_rRNA|nucleus|strain_HU9268|Eukaryota|Obazoa|Opisthokonta|Fungi|Basidiomycota|Pucciniomycotina|Cystobasidiomycetes|Sporobolomyces|Sporobolomyces_sp.	100.0	382	0	0	1	382	1	1014	-1	0
seq183	DQ536473.1.3565_G|18S_rRNA|nucleus||Eukaryota|Obazoa|Opisthokonta|Fungi|Chytridiomycota|Chytridiales|Chytridiaceae|Phlyctochytrium|Phlyctochytrium_planicorne	84.3	381	55	4	1	377	1	3565	-1	0
seq194	EU709205.65.1542_U|18S_rRNA|nucleus|clone_|Eukaryota|TSAR|Rhizaria|Cercozoa|Filosa-Sarcomonadea|Glissomonadida|Sandonidae|Sandonidae_X|Sandonidae_X_sp.	99.5	389	2	0	1	389	1	1478	-1	0
seq196	AY821994.1.1627_U|18S_rRNA|nucleus|clone_CV1_B1_42|Eukaryota|Obazoa|Opisthokonta|Fungi|Basidiomycota|Agaricomycotina|Tremellomycetes|Tremellomycetes_X|Tremellomycetes_X_sp.	95.8	380	16	0	1	380	1	1627	-1	0
seq195	HQ888716.1.1022_U|18S_rRNA|nucleus||Eukaryota|Obazoa|Opisthokonta|Fungi|Blastocladiomycota|Blastocladiomycotina|Blastocladiomycetes|Physoderma|Physoderma_lycopi	99.0	388	3	1	1	388	1	1022	-1	0
